11:30:37,270;4556
11:30:38,270;4554
11:30:39,270;4554
11:30:41,270;4556
11:30:42,270;4553
11:30:43,270;4549
11:30:44,270;4549
11:30:45,270;4548
11:30:46,270;4543
11:30:47,269;4552
11:30:48,270;4552
11:30:49,270;4551
11:30:50,269;4549
11:30:51,270;4547
11:30:52,270;4547
11:30:53,270;4545
11:30:54,270;4546
11:30:55,270;4546
11:30:56,269;4542
11:30:57,269;4537
11:30:58,269;4542
11:30:59,269;4539
11:31:00,47;3627
11:31:01,269;4548
11:31:02,270;4553
11:31:03,270;4551
11:31:04,269;4541
11:31:05,62;10305
11:31:06,65;8187
11:31:07,36;5448
11:31:08,35;6319
11:31:09,37;5731
11:31:10,33;7705
11:31:11,33;7524
11:31:12,33;7744
11:31:13,80;7241
11:31:14,270;4569
11:31:15,270;4570
11:33:29,270;4531
11:33:38,505;1305
11:33:39,270;2495
11:33:40,270;2481
11:33:41,270;2473
11:33:42,270;2469
11:33:43,270;2458
11:33:44,270;2456
11:33:47,270;2453
11:33:48,270;2449
11:33:49,270;2447
11:33:50,270;2450
11:33:51,270;2449
11:33:52,270;2447
11:33:53,270;2449
11:33:54,270;2444
11:33:55,270;2460
11:33:56,267;2460
11:33:57,270;2454
11:33:58,270;2455
11:33:59,270;2449
11:34:00,270;2450
11:34:01,269;2427
11:34:02,50;821
11:34:03,29;1314
11:34:04,20;145
11:34:06,36;2616
11:34:07,21;104
11:34:08,33;4303
11:34:09,270;2443
11:34:10,270;2421
11:34:11,270;2421
11:34:12,270;2419
11:34:13,270;2419
11:34:14,270;2417
11:34:15,270;2418
11:34:16,270;2425
11:34:17,270;2427
11:34:18,270;2424
11:34:19,270;2419
11:34:20,270;2430
11:34:21,270;2427
11:34:23,270;2434
11:34:24,270;2449
11:34:25,70;8730
11:34:26,270;2432
11:34:27,228;2564
11:34:28,270;2490
11:34:29,270;2480
11:34:30,270;2416
11:34:31,270;2431
11:34:32,270;2424
11:34:33,270;2420
11:34:34,270;2424
11:34:35,270;2405
11:34:36,205;2874
11:34:37,270;2402
11:34:38,270;2402
11:34:39,270;2409
11:34:40,41;1363
11:34:41,269;2420
11:34:43,270;2384
11:34:45,270;2366
11:34:46,270;2359
11:34:47,270;2364
11:34:48,270;2383
11:34:49,270;2395
11:34:50,270;2386
11:34:51,270;2395
11:34:52,270;2383
11:34:53,270;2376
11:34:54,270;2377
11:34:56,270;2361
11:34:57,270;2378
12:20:18,278;3988
12:20:28,62;449
12:20:29,276;3366
12:20:30,276;3377
12:20:31,276;3385
12:20:32,276;3386
12:20:33,276;3388
12:20:34,276;3378
12:20:35,276;3382
12:20:36,276;3375
12:20:37,276;3377
12:20:38,276;3375
12:20:39,276;3377
12:20:40,276;3382
12:20:41,276;3393
12:20:42,276;3397
12:20:43,276;3388
12:20:44,276;3390
12:20:47,276;3388
12:20:48,276;3389
12:20:49,276;3390
12:20:50,276;3391
12:20:52,276;3390
12:20:53,276;3395
12:20:55,276;3392
12:20:56,276;3389
12:20:57,276;3391
12:20:58,276;3389
12:20:59,276;3388
12:21:01,276;3393
12:21:02,276;3397
12:21:05,276;3392
12:21:07,276;3395
12:21:08,276;3395
12:21:09,276;3394
12:21:10,276;3393
12:21:11,276;3396
12:21:13,276;3395
12:21:14,276;3394
12:21:16,276;3397
12:21:17,276;3391
12:21:19,276;3390
12:21:20,276;3391
12:21:21,276;3393
12:21:23,276;3398
12:21:24,276;3398
12:21:25,276;3394
12:21:26,276;3394
12:21:29,276;3396
12:21:30,248;3427
12:21:31,276;3399
12:21:33,276;3393
12:21:34,276;3393
12:21:36,276;3388
12:21:37,276;3391
12:21:38,276;3390
12:21:39,276;3392
12:21:40,276;3391
12:21:41,276;3396
12:21:43,276;3391
12:21:45,276;3389
12:21:46,276;3390
12:21:48,276;3392
12:21:50,276;3393
12:21:52,276;3389
12:21:53,276;3388
12:21:54,276;3388
12:21:56,276;3388
12:21:57,276;3390
12:21:59,276;3398
12:22:00,276;3449
12:22:02,276;3444
12:22:03,276;3448
12:22:04,276;3446
12:22:05,276;3446
12:22:06,276;3447
12:22:07,276;3445
12:22:08,276;3441
12:22:09,276;3448
12:22:10,276;3444
12:22:11,276;3443
12:22:12,276;3445
12:22:13,276;3445
12:22:14,276;3444
12:22:15,276;3448
12:22:16,277;3442
12:22:17,277;3440
12:22:18,276;3437
12:22:19,276;3436
12:22:20,277;3437
12:22:21,276;3436
12:22:22,276;3444
12:22:24,277;3445
12:22:25,276;3440
12:22:26,276;3442
12:22:27,276;3440
12:22:28,277;3443
12:22:29,276;3437
12:22:30,276;3442
12:22:31,276;3440
12:22:32,276;3437
12:22:33,276;3435
12:22:34,276;3435
12:22:35,276;3436
12:22:36,276;3436
12:22:38,276;3433
12:22:39,276;3434
12:22:40,277;3436
12:22:41,276;3438
12:22:42,276;3437
12:22:43,277;3437
12:22:45,276;3431
12:22:46,276;3435
12:22:47,276;3435
12:22:48,277;3436
12:22:49,276;3433
12:22:50,276;3434
12:22:51,276;3438
12:22:53,276;3433
12:22:55,276;3434
12:22:56,276;3437
12:22:57,276;3438
12:22:58,276;3436
12:22:59,276;3437
12:23:00,276;3437
12:23:01,276;3430
12:23:02,276;3436
12:23:03,276;3437
12:23:04,276;3431
12:23:05,276;3431
12:23:07,276;3432
12:23:08,276;3433
12:23:10,276;3434
12:23:11,276;3434
12:23:12,276;3432
12:23:13,276;3432
12:23:14,276;3427
12:23:15,276;3429
12:23:16,276;3427
12:23:17,277;3427
12:23:18,276;3429
12:23:19,276;3426
12:23:20,276;3431
12:23:21,276;3430
12:23:22,276;3432
12:23:23,276;3428
12:23:25,276;3426
12:23:26,276;3429
12:23:27,276;3425
12:23:28,276;3435
12:23:29,276;3427
12:23:30,276;3433
12:23:32,276;3435
12:23:33,277;3433
12:23:34,276;3438
12:23:35,277;3436
12:23:36,277;3431
12:23:38,276;3436
12:23:39,276;3431
12:23:40,276;3430
12:23:42,276;3434
12:23:43,276;3429
12:23:45,276;3431
12:23:46,276;3431
12:23:47,276;3432
12:23:48,277;3428
12:23:49,276;3430
12:23:50,277;3431
12:23:51,276;3430
12:23:52,276;3428
12:23:53,276;3428
12:23:54,276;3431
12:23:55,276;3432
12:23:56,276;3432
12:23:57,276;3427
12:23:58,276;3432
12:23:59,276;3436
12:24:00,276;3430
12:24:01,276;3432
12:24:02,276;3435
12:24:03,276;3428
12:24:04,276;3427
12:24:05,276;3433
12:24:07,276;3427
12:24:08,276;3430
12:24:09,276;3431
12:24:10,276;3431
12:24:11,276;3435
12:24:12,276;3432
12:24:13,276;3434
12:24:14,276;3431
12:24:15,276;3431
12:24:16,276;3429
12:24:17,276;3431
12:24:18,276;3432
12:24:19,276;3434
12:24:20,276;3430
12:24:21,276;3428
12:24:22,276;3431
12:24:23,276;3428
12:24:25,276;3434
12:24:26,276;3432
12:24:27,276;3432
12:24:28,276;3431
12:24:29,276;3429
12:24:30,276;3433
12:24:31,276;3430
12:24:32,276;3429
12:24:33,276;3427
12:24:34,276;3429
12:24:35,276;3430
12:24:36,276;3424
12:24:37,276;3426
12:24:38,276;3422
12:24:39,276;3435
12:24:40,276;3436
12:24:41,276;3436
12:24:42,276;3431
12:24:44,276;3427
12:24:46,277;3433
12:24:47,276;3430
12:24:48,276;3430
12:24:49,276;3434
12:24:51,276;3434
12:24:52,276;3433
12:24:53,276;3434
12:24:54,276;3437
12:24:55,276;3437
12:24:57,275;3435
12:24:58,276;3436
12:24:59,276;3430
12:25:00,276;3433
12:25:01,276;3435
12:25:03,276;3433
12:25:05,276;3434
12:25:06,276;3433
12:25:07,276;3433
12:25:08,274;3374
12:25:09,135;754
12:25:10,124;1512
12:25:11,128;1602
12:25:13,141;1390
12:25:15,132;1393
12:25:16,165;1011
12:25:17,146;1089
12:25:18,175;1242
12:25:19,243;1145
12:25:21,276;3425
12:25:22,276;3432
12:25:24,276;3436
12:25:26,276;3435
12:25:27,276;3436
12:25:28,276;3432
12:25:30,276;3436
12:25:31,276;3436
12:25:33,277;3432
12:25:34,276;3428
12:25:35,276;3432
12:25:36,276;3438
12:25:37,276;3437
12:25:39,276;3434
12:25:40,276;3433
12:25:42,276;3435
12:25:43,276;3438
12:25:44,276;3435
12:25:45,276;3443
12:25:46,276;3439
12:25:47,277;3437
12:25:48,162;2808
12:25:50,276;3429
12:25:51,276;3431
12:25:52,276;3426
12:25:53,276;3429
12:25:54,276;3431
12:25:55,276;3429
12:25:56,276;3433
12:25:57,276;3435
12:25:58,276;3434
12:25:59,276;3434
12:26:00,276;3433
12:26:01,276;3435
12:26:02,276;3433
12:26:03,276;3431
12:26:04,276;3434
12:26:05,276;3433
12:26:06,276;3431
12:26:07,276;3434
12:26:08,276;3437
12:26:09,277;3433
12:26:10,276;3431
12:26:11,276;3434
12:26:12,276;3436
12:26:13,276;3437
12:26:14,276;3416
12:26:15,276;3437
12:26:16,276;3563
12:26:17,276;3525
12:26:18,276;3542
12:26:19,276;3548
12:26:20,277;3534
12:26:21,276;3532
12:26:22,276;3534
12:26:23,276;3533
12:26:24,276;3533
12:26:25,276;3533
12:26:26,276;3531
12:26:27,276;3529
12:26:28,276;3531
12:26:29,277;3531
12:26:30,276;3529
12:26:31,276;3529
12:26:32,276;3531
12:26:33,276;3516
12:26:34,276;3528
12:26:35,277;3525
12:26:36,276;3530
12:26:37,276;3529
12:26:38,276;3531
12:26:39,277;3532
12:26:41,276;3531
12:26:42,276;3568
12:26:43,276;3570
12:26:44,277;3575
12:26:45,277;3574
12:26:46,276;3577
12:26:47,276;3575
12:26:48,276;3571
12:26:49,276;3578
12:26:50,276;3576
12:26:51,277;3576
12:26:52,276;3575
12:26:53,277;3575
12:26:54,276;3574
12:26:55,276;3571
12:26:56,277;3568
12:26:57,277;3566
12:26:58,277;3569
12:26:59,276;3568
12:27:00,276;3566
12:27:01,276;3567
12:27:02,276;3569
12:27:03,277;3565
12:27:04,277;3570
12:27:05,277;3571
12:27:06,276;3572
12:27:07,277;3570
12:27:08,277;3568
12:27:09,277;3568
12:27:10,276;3566
12:27:11,277;3574
12:27:12,276;3571
12:27:13,277;3571
12:27:14,277;3573
12:27:15,276;3567
12:27:16,277;3570
12:27:17,276;3569
12:27:18,276;3568
12:27:19,277;3568
12:27:20,276;3568
12:27:21,277;3567
12:27:22,277;3570
12:27:23,276;3569
12:27:24,277;3570
12:27:25,276;3568
12:27:26,277;3571
12:27:27,277;3569
12:27:28,277;3571
12:27:29,276;3571
12:27:31,276;3570
12:27:32,276;3573
12:27:33,276;3570
12:27:34,276;3571
12:27:35,277;3572
12:27:36,276;3571
12:27:37,276;3570
12:27:38,277;3575
12:27:39,277;3573
12:27:40,277;3572
12:27:41,276;3571
12:27:42,276;3571
12:27:43,277;3572
12:27:45,276;3570
12:27:46,276;3572
12:27:47,276;3573
12:27:48,276;3563
12:27:49,276;3562
12:27:50,277;3568
12:27:51,276;3566
12:27:52,276;3565
12:27:53,276;3568
12:27:54,276;3561
12:27:55,276;3566
12:27:56,276;3564
12:27:57,276;3565
12:27:58,276;3568
12:27:59,276;3567
12:28:00,277;3568
12:28:01,277;3570
12:28:02,277;3571
12:28:04,277;3575
12:28:05,277;3571
12:28:06,276;3569
12:28:07,277;3572
12:28:09,276;3575
12:28:10,277;3574
12:28:12,277;3572
12:28:13,277;3571
12:28:14,276;3571
12:28:15,277;3573
12:28:17,277;3574
12:28:18,277;3576
12:28:20,276;3572
12:28:21,277;3576
12:28:23,276;3577
12:28:24,277;3575
12:28:25,277;3574
12:28:26,277;3574
12:28:27,277;3576
12:28:28,277;3575
12:28:29,276;3571
12:28:32,277;3574
12:28:33,277;3573
12:28:34,277;3570
12:28:35,277;3574
12:28:36,277;3575
12:28:37,277;3576
12:28:38,276;3576
12:28:39,277;3573
12:28:40,277;3574
12:28:41,277;3572
12:28:42,276;3571
12:28:43,277;3577
12:28:44,277;3573
12:28:45,276;3572
12:28:47,277;3572
12:28:48,276;3571
12:28:49,277;3568
12:28:51,276;3573
12:28:52,277;3570
12:28:53,277;3573
12:28:55,276;3577
12:28:56,277;3575
12:28:58,276;3580
12:29:00,277;3580
12:29:01,276;3579
12:29:02,276;3579
12:29:03,277;3580
12:29:04,277;3581
12:29:06,276;3579
12:29:07,276;3575
12:29:08,276;3576
12:29:09,276;3577
12:29:10,276;3575
12:29:11,276;3574
12:29:12,276;3575
12:29:13,276;3579
12:29:14,276;3574
12:29:15,276;3568
12:29:16,277;3573
12:29:17,276;3575
12:29:18,276;3572
12:29:19,277;3573
12:29:20,276;3579
12:29:21,276;3582
12:29:22,276;3584
12:29:23,276;3583
12:29:24,276;3580
12:29:25,277;3582
12:29:26,276;3582
12:29:27,277;3583
12:29:28,277;3582
12:29:29,276;3578
12:29:30,277;3579
12:29:31,277;3583
12:29:32,277;3585
12:29:33,276;3583
12:29:34,276;3584
12:29:35,277;3586
12:29:37,276;3583
12:29:38,277;3581
12:29:39,277;3581
12:29:40,277;3581
12:29:41,277;3580
12:29:42,276;3582
12:29:43,276;3579
12:29:44,276;3571
12:29:45,276;3574
12:29:46,277;3568
12:29:47,276;3571
12:29:48,277;3576
12:29:49,277;3573
12:29:50,276;3574
12:29:51,277;3573
12:29:52,276;3570
12:29:53,276;3571
12:29:54,276;3568
12:29:55,276;3571
12:35:51,142;15115
12:36:01,40;8509
12:36:02,59;12013
12:36:03,58;12683
12:36:04,58;12123
12:36:05,59;12481
12:36:06,58;2320
12:36:07,54;2860
12:36:08,64;8371
12:36:09,64;10678
12:36:10,66;9426
12:36:11,63;10933
12:36:12,65;10301
12:36:13,63;11687
12:36:14,66;10179
12:36:15,67;9682
12:36:16,66;10240
12:36:17,65;11357
12:36:18,66;10655
12:36:19,66;10520
12:36:20,66;10625
12:36:21,66;10344
12:36:22,65;10956
12:36:23,68;10324
12:36:24,67;10974
12:36:25,69;8348
12:36:26,68;8275
12:36:27,68;8958
12:36:28,68;8732
12:36:30,68;8909
12:36:32,67;8626
12:36:33,57;12789
12:36:37,138;16199
12:36:39,68;7784
12:36:41,77;8236
12:36:43,65;10114
12:36:45,67;9547
12:36:47,67;9431
12:36:49,71;8952
12:36:51,72;7625
12:36:52,138;2673
12:36:54,75;9277
12:36:55,75;9177
12:36:57,75;9166
12:36:59,75;9159
12:37:02,77;8595
12:37:03,80;7459
12:37:05,138;16244
12:37:06,138;16250
12:37:08,138;16244
12:37:09,138;16250
12:37:11,139;16240
12:37:12,138;16240
12:37:14,138;16237
12:37:15,138;16246
12:37:17,139;16243
12:37:18,138;16241
12:37:20,138;16243
12:37:22,138;16234
12:37:23,138;16232
12:37:25,138;16230
12:37:26,138;16232
12:37:28,138;16240
12:37:29,138;16244
12:37:31,138;16228
12:37:32,138;16241
12:37:34,138;16232
12:37:35,138;16231
12:37:37,138;16234
12:37:38,138;16228
12:37:40,138;16227
12:37:41,138;16230
12:37:45,138;16242
12:37:46,138;16222
12:37:48,138;16221
12:37:49,138;16227
12:37:51,138;16226
12:37:52,138;16230
12:37:54,138;16234
12:37:55,138;16235
12:37:57,138;16228
12:37:58,139;16238
12:38:00,70;10569
12:38:01,57;7493
12:38:03,55;7463
12:38:04,74;9533
12:38:06,135;13867
12:38:08,138;15765
12:38:09,88;6609
12:38:11,134;15027
12:38:12,138;16244
12:38:14,80;8378
12:38:15,138;2670
12:38:17,138;2673
12:38:18,138;2681
12:38:20,138;2689
12:38:21,138;2693
12:38:23,138;2698
12:38:24,138;2698
12:38:26,138;2706
12:38:27,138;2704
12:38:29,138;2704
12:38:32,138;2706
12:38:34,138;2716
12:38:37,138;2726
12:38:38,138;2728
12:38:40,138;2729
12:38:41,138;2727
12:38:43,138;2728
12:38:46,138;2721
12:38:48,138;2721
12:38:51,138;2724
12:38:53,138;2727
12:38:55,138;2731
12:38:58,138;2729
12:39:00,138;2735
12:39:01,138;2740
12:39:03,138;2745
12:39:04,138;2745
12:39:06,138;2746
12:39:09,138;2752
12:39:12,138;2747
12:39:14,138;2745
12:39:16,138;2746
12:39:19,138;2745
12:39:21,138;2743
12:39:22,138;2743
12:39:24,138;2745
12:39:26,138;2748
12:39:27,138;2749
12:39:30,138;2748
12:39:33,138;2756
12:39:35,138;2756
12:39:38,60;12898
12:39:42,60;13689
12:39:46,55;16285
12:39:48,61;13001
12:39:51,59;14022
12:39:55,59;13819
12:39:59,59;13684
12:40:02,60;12354
12:40:06,60;10819
12:40:10,65;10575
12:40:14,138;16331
12:40:17,138;2705
12:40:20,138;2710
12:40:23,138;2719
12:40:25,138;2725
12:40:26,138;2732
12:40:28,138;2735
12:40:29,138;2741
12:40:31,138;2748
12:40:32,138;2744
12:40:34,138;2741
12:40:36,138;2739
12:40:38,138;2734
12:40:41,138;2736
12:40:43,138;2738
12:40:46,138;2738
12:40:49,138;2740
12:40:51,138;2742
12:40:53,138;2748
12:40:56,138;2753
12:40:59,138;2752
12:41:01,138;2752
12:41:04,138;2755
12:41:06,138;2755
12:41:07,138;2759
12:41:09,138;2758
12:41:10,138;2757
12:41:12,138;2757
12:41:13,138;2757
12:41:15,138;2757
12:41:16,138;2758
12:41:18,137;2756
12:41:19,138;2758
12:41:21,138;2755
12:41:22,138;2753
12:41:24,138;2755
12:41:25,138;2756
12:41:27,138;2754
12:41:28,138;2752
12:41:30,138;2754
12:41:31,138;2754
12:41:33,138;2751
12:41:35,138;2756
12:41:38,138;2756
12:41:40,138;2756
12:41:42,138;2758
12:41:44,138;2762
12:41:45,138;2761
12:41:47,138;2761
12:41:49,138;2763
12:41:52,138;2762
12:41:53,138;2765
12:41:54,138;2763
12:41:56,138;2765
12:41:58,138;2765
12:41:59,138;2762
12:42:01,138;2762
12:42:02,138;2767
12:42:04,138;2770
12:42:05,138;2772
12:42:07,138;2767
12:42:08,138;2768
12:42:10,138;2770
12:42:11,138;2773
12:42:13,138;2771
12:42:14,138;2778
12:42:16,138;2773
12:42:17,138;2773
12:42:19,138;2776
12:42:21,138;2777
12:42:22,138;2778
12:42:24,138;2775
12:42:26,138;2778
12:42:28,137;2778
12:42:30,138;2778
12:42:33,138;2775
12:42:36,138;2773
12:42:37,138;2773
12:42:39,137;2776
12:42:40,138;2774
12:42:42,138;2774
12:42:43,138;2774
12:42:45,138;2777
12:42:46,138;2771
12:42:48,138;2770
12:42:50,138;2770
12:42:51,138;2768
12:42:53,138;2770
12:42:54,138;2771
12:42:56,138;2773
12:42:57,138;2774
12:42:59,138;2772
12:43:00,138;2776
12:43:02,138;2772
12:43:03,138;2772
12:43:05,138;2773
12:43:06,138;2776
12:43:08,138;2774
12:43:09,138;2774
12:43:11,138;2770
12:43:12,138;2769
12:43:14,138;2772
12:43:16,138;2773
12:43:17,138;2772
12:43:19,138;2772
12:43:20,138;2773
12:43:22,138;2775
12:43:23,138;2773
12:43:25,138;2774
12:43:26,138;2773
12:43:28,138;2776
12:43:31,138;2773
12:43:32,138;2773
12:43:34,138;2773
12:43:35,138;2777
12:43:37,138;2771
12:43:38,138;2776
12:43:40,138;2771
12:43:42,138;2773
12:43:43,138;2771
12:43:45,138;2774
12:43:46,138;2774
12:43:48,138;2775
12:43:49,137;2775
12:43:51,138;2777
12:43:52,138;2778
12:43:54,138;2778
12:43:55,138;2779
12:43:57,138;2778
12:43:58,138;2777
12:44:00,138;2776
12:44:01,138;2777
12:44:03,138;2778
12:44:05,138;2779
12:44:06,138;2779
12:44:08,138;2777
12:44:09,138;2780
12:44:11,138;2784
12:44:12,138;2775
12:44:14,138;2777
12:44:15,138;2778
12:44:17,138;2774
12:44:18,138;2776
12:44:20,138;2774
12:44:21,138;2778
12:44:23,138;2777
12:44:24,138;2772
12:44:26,138;2772
12:44:27,138;2774
12:44:29,138;2777
12:44:31,138;2776
12:44:32,138;2773
12:44:34,138;2776
12:44:35,138;2775
12:44:37,138;2774
12:44:38,138;2776
12:44:40,138;2790
12:44:43,138;2778
12:44:46,138;2777
12:44:48,138;2766
12:44:50,138;2764
12:44:52,137;2567
12:44:55,137;2595
12:44:58,138;2729
12:45:01,138;2762
12:45:03,138;2780
12:45:06,93;7611
12:45:08,14;7084
12:45:10,12;7727
12:45:12,12;7931
12:45:14,12;7697
12:45:17,12;7210
12:45:19,12;7617
12:45:21,12;7788
12:45:23,12;7576
12:45:24,12;7738
12:45:27,12;7730
12:45:29,12;7655
12:45:32,12;7796
12:45:34,12;7693
12:45:36,12;7775
12:45:38,12;7684
12:45:40,12;7416
12:45:42,12;7378
12:45:45,12;7332
12:45:47,12;7135
12:45:49,14;7959
12:45:51,12;7197
12:45:56,13;7123
12:45:58,13;7058
12:46:02,13;7194
12:46:04,13;6947
12:46:06,13;7183
12:46:08,13;6910
12:46:11,13;6875
12:46:13,13;6585
12:46:14,13;6425
12:46:16,13;6655
12:46:18,13;7337
12:46:21,16;3629
12:46:24,20;1878
12:46:27,22;1579
12:46:31,23;1463
12:46:34,21;1699
12:46:37,21;1623
12:46:41,13;7461
12:46:43,14;6855
12:46:45,14;6875
12:46:49,15;6594
12:46:51,15;6543
12:46:53,15;6640
12:46:56,15;6579
12:46:58,14;6732
12:47:00,16;5168
12:47:05,49;3215
12:47:09,54;2685
12:47:12,138;16496
12:47:14,138;16526
12:47:17,138;16506
12:47:21,138;16508
12:47:25,138;16503
12:47:27,138;16474
12:47:29,138;16461
12:47:33,138;16449
12:47:36,138;16457
12:47:37,138;16429
12:47:39,138;16407
12:47:40,138;16399
12:47:42,138;16427
12:47:43,138;16422
12:47:45,138;16389
12:47:46,138;16400
12:47:48,138;16403
12:47:50,138;16404
12:47:51,138;2714
12:47:53,138;2729
12:47:54,138;2739
12:47:56,138;2744
12:47:57,138;2748
12:47:59,138;2753
12:48:00,138;2751
12:48:02,138;2751
12:48:05,138;2751
12:48:07,138;2748
12:48:10,138;2751
12:48:12,138;2749
12:48:14,138;2756
12:48:15,138;2749
12:48:17,138;2755
12:48:18,138;2757
12:48:20,138;2758
12:48:21,138;2764
12:48:23,138;2760
12:48:24,138;2759
12:48:26,138;2760
12:48:27,138;2762
12:48:29,138;2764
12:48:30,138;2764
12:48:32,138;2765
12:48:33,138;2768
12:48:35,138;2765
12:48:36,138;2764
12:48:38,138;2765
12:48:40,138;2771
12:48:41,138;2769
12:48:43,138;2767
12:48:44,138;2771
12:48:46,138;2770
12:48:47,138;2768
12:48:49,138;2770
12:48:50,138;2769
12:48:52,138;2766
12:48:53,138;2765
12:48:55,138;2766
12:48:56,138;2761
12:48:58,138;2763
12:48:59,138;2764
12:49:01,138;2767
12:49:02,138;2766
12:49:04,138;16508
12:49:05,138;16488
12:49:07,138;16492
12:49:09,138;16470
12:49:10,138;2746
12:49:12,138;2759
12:49:13,138;2758
12:49:15,138;2758
12:49:16,138;2759
12:49:18,138;2761
12:49:19,138;2762
12:49:21,138;2763
12:49:22,138;2762
12:49:24,138;2768
12:49:26,138;2765
12:49:27,138;2765
12:49:29,138;2767
12:49:31,138;2763
12:49:32,138;2764
12:49:34,138;2763
12:49:35,138;2762
12:49:37,138;2764
12:49:38,138;2763
12:49:40,138;2761
12:49:41,138;2762
12:49:43,138;2757
12:49:44,138;2766
12:49:46,138;2755
12:49:47,138;16478
12:49:49,140;16000
12:49:50,129;2994
12:49:52,113;3995
12:49:53,111;4144
12:49:55,111;4142
12:49:57,111;4142
12:50:00,111;4138
12:50:01,111;4135
12:50:03,111;4142
12:50:04,111;4146
12:50:06,111;4145
12:50:07,111;4141
12:50:09,111;4140
12:50:10,111;4138
12:50:12,111;4139
12:50:15,111;4116
12:50:16,120;3562
12:50:18,121;3560
12:50:19,120;3562
12:50:21,120;3543
12:50:23,120;3546
12:50:24,120;3541
12:50:26,120;3549
12:50:28,120;3582
12:50:31,118;3641
12:50:33,118;3640
12:50:36,118;3637
12:50:39,118;3633
12:50:41,118;3634
12:50:43,118;3639
12:50:46,118;3636
12:50:48,118;3639
12:50:50,118;3636
12:50:52,118;3622
12:50:53,118;3631
12:50:55,118;3634
12:50:58,118;3631
12:51:01,118;3633
12:51:04,65;4258
12:51:06,127;3137
12:51:08,127;3135
12:51:11,127;3137
12:51:13,127;3129
12:51:14,127;3128
12:51:16,126;3046
12:51:17,127;3135
12:51:20,127;3138
12:51:22,127;3132
12:51:26,127;3110
12:51:28,127;3116
12:51:30,127;3118
12:51:33,128;3134
12:51:35,127;3138
12:51:37,127;3135
12:51:38,127;3133
12:51:40,127;3134
12:51:41,127;3134
12:51:44,127;3135
12:51:46,127;3135
12:51:49,127;3132
12:51:51,127;3120
12:51:56,126;3108
12:51:59,127;3129
12:52:01,127;3129
12:52:05,127;3126
12:52:07,128;3140
12:52:09,128;3138
12:52:14,128;3137
12:52:15,128;3141
12:52:17,125;3141
12:52:18,123;3415
12:52:20,122;3475
12:52:22,119;3614
12:52:25,122;3471
12:52:28,122;3440
12:52:33,119;3596
12:52:35,119;3606
12:52:40,119;3615
12:52:42,119;3610
12:52:45,120;3538
12:52:47,120;3547
12:52:49,120;3518
12:52:52,121;3507
12:52:54,121;3510
12:52:57,121;3507
12:53:01,121;3508
12:53:03,121;3508
12:53:05,121;3507
12:53:08,120;3512
12:53:10,121;3508
12:53:13,120;3512
12:53:18,120;3509
12:53:20,121;3507
12:53:22,121;3506
12:53:25,121;3510
12:53:27,120;3508
12:53:30,121;3523
12:53:32,121;3510
12:53:35,121;3515
12:53:38,121;3513
12:53:40,121;3516
12:53:42,120;3520
12:53:44,120;3518
12:53:47,121;3521
12:53:50,120;3521
12:53:52,120;3519
12:53:54,121;3521
12:53:56,120;3519
12:53:58,121;3517
12:54:01,120;3521
12:54:03,121;3520
12:54:06,121;3518
12:54:08,120;3520
12:54:11,121;3516
12:54:13,121;3518
12:54:15,121;3516
12:54:17,120;3522
12:54:19,120;3523
12:54:23,120;3520
12:54:25,120;3514
12:54:27,121;3515
12:54:29,120;3519
12:54:31,120;3514
12:54:41,311;2822
12:54:43,123;3368
12:54:46,123;3361
12:54:48,123;3358
12:54:50,123;3356
12:54:53,123;3356
12:54:55,123;3360
12:54:58,123;3359
12:55:00,123;3364
12:55:02,123;3358
12:55:05,123;3356
12:55:07,123;3361
12:55:10,123;3361
12:55:12,123;3358
12:55:15,123;3362
12:55:17,123;3358
12:55:19,123;3362
12:55:21,123;3358
12:55:24,123;3361
12:55:27,123;3360
12:55:28,123;3362
12:55:30,123;3361
12:55:35,123;3362
12:55:37,123;3350
12:55:40,123;3358
12:55:43,123;3343
12:55:46,123;3349
12:55:47,123;3350
12:55:49,123;3349
12:55:50,123;3348
12:55:52,123;3347
12:55:54,123;3349
12:55:55,123;3354
12:55:57,123;3357
12:55:58,123;3354
12:56:00,123;3354
12:56:01,123;3355
12:56:03,123;3356
12:56:04,123;3352
12:56:06,123;3356
12:56:08,123;3352
12:56:10,123;3353
12:56:11,123;3356
12:56:13,123;3354
12:56:16,123;3355
12:56:17,123;3356
12:56:19,123;3352
12:56:20,123;3351
12:56:22,123;3355
12:56:23,123;3352
12:56:25,123;3350
12:56:26,123;3350
12:56:28,123;3345
12:56:29,123;3349
12:56:31,123;3351
12:56:33,123;3352
12:56:34,123;3352
12:56:36,123;3354
12:56:37,123;3352
12:56:39,123;3358
12:56:40,123;3353
12:56:42,123;3353
12:56:43,123;3354
12:56:45,123;3353
12:56:46,123;3355
12:56:48,123;3355
12:56:49,123;3352
12:56:51,123;3354
12:56:53,123;3355
12:56:54,123;3352
12:56:56,123;3356
12:56:57,123;3352
12:56:59,123;3355
12:57:00,123;3354
12:57:02,123;3354
12:57:03,123;3354
12:57:05,123;3354
12:57:06,123;3353
12:57:08,123;3354
12:57:09,123;3354
12:57:11,123;3355
12:57:12,123;3352
12:57:14,123;3353
12:57:16,123;3353
12:57:17,123;3349
12:57:35,123;3352
12:57:37,123;3355
12:57:38,123;3356
12:57:40,123;3353
12:57:41,123;3353
12:57:43,123;3354
12:57:45,123;3348
12:57:46,123;3355
12:57:48,123;3351
12:57:50,97;2650
12:57:52,133;17235
12:57:54,133;17214
12:57:56,133;17187
12:57:58,133;17174
12:58:00,133;17164
12:58:02,133;17154
12:58:04,133;17116
12:58:07,133;17105
12:58:09,133;17121
12:58:11,133;17083
12:58:13,133;17086
12:58:15,133;17074
12:58:17,133;17072
12:58:19,133;17078
12:58:21,133;17084
12:58:23,133;17065
12:58:25,133;17057
12:58:27,133;17057
12:58:29,133;17056
12:58:31,133;17043
12:58:33,133;17038
12:58:36,133;17031
12:58:38,134;16827
12:58:40,134;16811
12:58:42,49;8739
12:58:44,132;2812
12:58:46,133;2810
12:58:48,133;2812
12:58:50,133;2813
12:58:52,133;2816
12:58:55,133;2814
12:58:57,133;2823
12:58:59,133;2827
12:59:01,133;2830
12:59:03,134;2828
12:59:05,134;2833
12:59:07,133;2829
12:59:09,114;10556
12:59:11,133;15573
12:59:13,19;4121
12:59:15,133;2827
12:59:17,133;2828
12:59:19,133;2827
12:59:21,133;2825
12:59:23,133;2831
12:59:25,133;2829
12:59:27,133;2833
12:59:29,126;2410
12:59:32,134;16841
12:59:33,37;2063
12:59:36,37;2197
12:59:38,134;16903
12:59:40,134;16821
12:59:42,128;16350
12:59:44,45;3164
12:59:46,21;9817
12:59:48,37;12020
12:59:50,103;11771
12:59:52,134;16844
12:59:54,134;16808
12:59:57,134;16806
12:59:59,134;16803
13:00:01,134;16805
13:00:03,134;16787
13:00:05,134;16782
13:00:07,134;16776
13:00:09,134;16773
13:00:11,76;16819
13:00:13,133;16792
13:00:15,134;16746
13:00:17,134;16757
13:00:19,134;16765
13:00:21,134;16752
13:00:23,134;16723
13:00:25,134;16728
13:00:27,134;16732
13:00:29,134;16732
13:00:31,134;16738
13:00:33,134;16713
13:00:35,134;16708
13:00:37,134;16715
13:00:40,134;16705
13:00:41,134;16701
13:00:43,134;16700
13:00:46,134;16691
13:00:48,134;16674
13:00:50,134;16690
13:00:52,100;11819
13:00:53,46;3777
13:00:55,113;2284
13:00:56,116;2616
13:00:58,134;2797
13:00:59,104;8091
13:01:01,134;16750
13:01:02,134;16752
13:01:04,134;16721
13:01:05,134;16722
13:01:07,134;16716
13:01:08,134;16703
13:01:10,134;16695
13:01:12,134;16692
13:01:13,134;16685
13:01:15,134;16680
13:01:17,134;16682
13:01:18,134;16713
13:01:20,134;16713
13:01:21,134;16710
13:01:23,134;16715
13:01:24,134;2760
13:01:26,134;2763
13:01:27,134;2770
13:01:30,133;2775
13:01:31,133;2794
13:01:33,133;2800
13:01:35,133;2800
13:01:37,133;2795
13:01:39,133;2795
13:01:40,133;2797
13:01:43,133;2798
13:01:45,133;2798
13:01:47,133;2797
13:01:49,133;2797
13:01:51,133;2798
13:01:53,133;2800
13:01:55,133;2804
13:01:58,133;2809
13:02:00,133;2807
13:02:02,133;2811
13:02:05,133;2814
13:02:07,133;2812
13:02:09,133;2820
13:02:10,133;2819
13:02:12,133;2817
13:02:14,133;2808
13:02:15,133;2809
13:02:17,134;2808
13:02:18,133;2806
13:02:20,133;2814
13:02:21,133;2822
13:02:23,133;2821
13:02:25,133;2821
13:02:26,133;2822
13:02:28,133;2824
13:02:29,133;2823
13:02:31,133;2824
13:02:33,133;2840
13:02:35,133;2838
13:02:36,133;2838
13:02:38,133;2838
13:02:40,134;2839
13:02:42,133;2838
13:02:43,133;2841
13:02:45,133;2840
13:02:47,133;2829
13:02:49,133;2828
13:02:51,133;2831
13:02:52,133;2833
13:02:54,133;2832
13:02:55,133;2829
13:02:57,133;2830
13:02:58,133;2831
13:03:00,133;2827
13:03:01,133;2831
13:03:03,133;2832
13:03:04,133;2833
13:03:06,133;2836
13:03:08,133;2832
13:03:10,133;2832
13:03:11,133;2839
13:03:13,133;2823
13:03:15,133;2825
13:03:18,133;2825
13:03:20,133;2829
13:03:21,133;2826
13:03:23,133;2829
13:03:24,133;2829
13:03:26,133;2829
13:03:27,133;2830
13:03:29,133;2828
13:03:31,134;2818
13:03:32,134;2818
13:03:34,133;2813
13:03:35,133;2814
13:03:37,133;2812
13:03:38,134;2815
13:03:41,134;2819
13:03:42,133;2826
13:03:44,133;2826
13:03:45,133;2829
13:03:47,133;2823
13:03:48,133;2827
13:03:50,133;2830
13:03:52,133;2823
13:03:53,133;2824
13:03:55,133;2824
13:03:56,133;2826
13:03:58,133;2824
13:04:00,134;2826
13:04:01,133;2827
13:04:03,133;2829
13:04:05,133;2832
13:04:07,133;2828
13:04:08,133;2833
13:04:10,133;2833
13:04:11,133;2830
13:04:13,133;2834
13:04:16,133;2833
13:04:17,133;2836
13:04:19,133;2836
13:04:20,133;2834
13:04:22,134;16945
13:04:25,134;16898
13:04:26,134;16878
13:04:28,134;16853
13:04:29,134;16849
13:04:31,134;16844
13:04:33,134;16847
13:04:36,134;16834
13:04:37,134;16837
13:04:40,134;16842
13:04:42,134;16836
13:04:43,134;16833
13:04:45,134;16833
13:04:46,134;16800
13:04:49,134;16770
13:04:50,134;16723
13:04:52,134;16731
13:04:54,134;16726
13:04:55,134;16720
13:04:59,134;16721
13:05:00,134;16711
13:05:02,134;16716
13:05:04,134;16780
13:05:05,134;16781
13:05:07,134;16779
13:05:08,134;16776
13:05:10,134;16772
13:05:11,134;16766
13:05:13,134;16759
13:05:15,134;16740
13:05:16,133;2764
13:05:18,133;2773
13:05:19,133;2774
13:05:21,134;2777
13:05:23,133;2785
13:05:24,133;2782
13:05:26,133;2786
13:05:27,133;2792
13:05:29,134;16814
13:05:30,134;16802
13:05:32,134;16740
13:05:34,134;16752
13:05:36,134;16736
13:05:38,134;16724
13:05:39,134;16711
13:05:41,134;16727
13:05:42,134;16717
13:05:44,134;16715
13:05:45,134;16718
13:05:47,134;16721
13:05:49,134;16699
13:05:50,134;16706
13:05:52,134;16706
13:05:53,134;16707
13:05:55,134;16698
13:05:56,134;16691
13:05:58,134;16683
13:05:59,134;16675
13:06:01,134;16674
13:06:02,134;16701
13:06:04,134;16684
13:06:06,134;16683
13:06:08,134;16673
13:06:09,134;16682
13:06:11,134;16680
13:06:26,134;16689
13:06:29,134;16694
13:06:31,134;16550
13:06:33,134;16541
13:06:35,134;16543
13:06:38,134;16546
13:06:42,134;16578
13:06:44,134;16576
13:06:45,134;16547
13:06:47,134;16567
13:06:48,134;16559
13:06:50,134;16542
13:06:51,134;16546
13:06:55,134;16581
13:06:56,134;16632
13:06:59,134;16647
13:07:01,134;16652
13:07:03,134;16631
13:07:05,134;16628
13:07:06,134;16629
13:07:08,134;16631
13:07:10,134;16624
13:07:11,134;16594
13:07:13,134;16561
13:07:14,134;16602
13:07:16,134;16576
13:07:18,134;16578
13:07:20,134;16492
13:07:22,134;16491
13:07:24,134;16488
13:07:26,134;16492
13:07:27,134;16456
13:07:30,134;16483
13:07:32,134;16469
13:07:34,134;16548
13:07:35,134;16549
13:07:37,134;16547
13:07:39,134;16544
13:07:40,134;16469
13:07:42,134;16462
13:07:44,134;16478
13:07:46,134;16549
13:07:48,134;16546
13:07:49,134;16556
13:07:51,107;12266
13:07:53,117;13454
13:07:54,118;13464
13:07:57,100;15376
13:07:58,67;6763
13:08:00,52;6956
13:08:03,58;10862
13:08:04,59;10136
13:08:06,75;9338
13:08:07,134;16591
13:08:09,134;16597
13:08:11,134;16592
13:08:12,134;16594
13:08:14,134;16607
13:08:15,134;16613
13:08:18,134;16602
13:08:19,134;16613
13:08:21,134;16616
13:08:22,134;16594
13:08:24,134;16586
13:08:26,134;16581
13:08:27,134;16528
13:08:29,134;16516
13:08:30,134;16504
13:08:32,134;16507
13:08:33,134;16500
13:08:35,134;16503
13:08:36,120;13256
13:08:38,134;16510
13:08:39,134;16514
13:08:41,134;16489
13:08:43,134;16517
13:08:45,134;16439
13:08:47,134;16432
13:08:48,134;16448
13:08:50,134;16485
13:08:51,134;16488
13:08:53,134;16475
13:08:55,134;16470
13:08:58,134;16476
13:09:00,12;4479
13:09:02,14;6461
13:09:03,134;2720
13:09:05,134;2724
13:09:07,134;2723
13:09:09,134;2735
13:09:10,133;2730
13:09:12,131;2692
13:09:13,133;16553
13:09:15,132;16332
13:09:17,48;2543
13:09:18,134;16643
13:09:20,125;14608
13:09:21,134;16585
13:09:23,134;16834
13:09:24,133;17064
13:09:26,133;17068
13:09:29,45;3091
13:09:30,132;2793
13:09:32,132;2805
13:09:33,132;2808
13:09:35,14;7854
13:09:37,132;2810
13:09:38,132;2826
13:09:40,133;17146
13:09:41,133;17117
13:09:43,133;17119
13:09:44,130;12700
13:09:46,133;17181
13:09:47,125;12293
13:09:49,84;10196
13:09:50,108;7708
13:09:52,75;12151
13:09:53,66;5104
13:09:55,81;2398
13:09:56,133;16494
13:09:58,109;9570
13:10:00,101;9324
13:10:01,133;16965
13:10:03,133;16903
13:10:04,133;17007
13:10:06,118;12222
13:10:07,101;7378
13:10:09,132;2724
13:10:10,132;2806
13:10:12,132;2816
13:10:13,132;2777
13:10:15,73;6075
13:10:16,132;2824
13:10:18,132;2825
13:10:19,132;2827
13:10:23,132;2841
13:10:24,132;2839
13:10:26,132;2839
13:10:27,132;2842
13:10:30,132;2845
13:10:32,132;2848
13:10:33,132;2848
13:10:35,132;2853
13:10:36,132;2853
13:10:38,132;2858
13:10:39,132;2856
13:10:41,132;2856
13:10:42,132;2856
13:10:44,133;17196
13:10:45,133;17150
13:10:47,133;17148
13:10:48,133;17130
13:10:50,133;17127
13:10:52,133;17124
13:10:53,133;17106
13:10:55,133;17092
13:10:57,133;17082
13:10:58,133;17064
13:11:00,133;17067
13:11:01,133;17062
13:11:03,133;17050
13:11:05,133;17028
13:11:06,133;17024
13:11:09,133;17022
13:11:10,133;17019
13:11:12,133;17009
13:11:13,133;16998
13:11:15,133;16997
13:11:16,133;16999
13:11:18,133;17000
13:11:20,133;16998
13:11:21,133;16998
13:11:23,133;16989
13:11:24,133;16990
13:11:26,133;16989
13:11:28,133;16984
13:11:29,124;2761
13:11:31,133;2799
13:11:33,133;17061
13:11:34,133;17023
13:11:36,133;17015
13:11:38,133;17008
13:11:39,133;17006
13:11:41,133;17015
13:11:43,89;6108
13:11:44,95;6090
13:11:46,96;6068
13:11:48,133;16994
13:11:51,133;16988
13:11:53,133;16984
13:11:54,133;16978
13:11:56,133;16975
13:11:58,133;16978
13:12:00,133;16944
13:12:01,133;16950
13:12:03,133;16937
13:12:04,133;16971
13:12:06,133;16978
13:12:07,133;16975
13:12:09,133;16963
13:12:12,133;16960
13:12:14,133;16914
13:12:15,133;16951
13:12:17,133;16967
13:12:19,133;16964
13:12:20,133;16961
13:12:22,133;16959
13:12:23,133;16960
13:12:26,133;16963
13:12:28,133;16954
13:12:30,133;16947
13:12:32,133;16935
13:12:34,133;16945
13:12:36,133;16936
13:12:38,133;16892
13:12:40,133;16880
13:12:41,133;16880
13:12:43,133;16920
13:12:44,133;16917
13:12:46,133;16916
13:12:48,133;16914
13:12:50,133;16937
13:12:52,11;5998
13:12:53,133;2772
13:12:55,133;2778
13:12:56,4;1359
13:12:58,93;2674
13:12:59,101;2590
13:13:01,88;2023
13:13:03,133;16988
13:13:04,133;17000
13:13:06,133;2785
13:13:08,132;2803
13:13:11,31;8576
13:13:14,132;2824
13:13:17,132;2836
13:13:18,132;2849
13:13:22,132;2848
13:13:25,132;2843
13:13:29,132;2856
13:13:31,132;2860
13:13:34,132;2861
13:13:36,132;2852
13:13:39,132;2861
13:13:40,132;2874
13:13:41,132;2875
13:13:43,132;2864
13:13:44,132;2867
13:13:47,132;2869
13:13:49,132;2866
13:13:51,132;2865
13:13:52,132;2866
13:13:54,132;2866
13:13:55,132;2871
13:13:57,132;2875
13:13:58,132;2872
13:14:00,132;2870
13:14:01,132;2876
13:14:03,132;2877
13:14:04,132;2871
13:14:06,132;2873
13:14:08,132;2875
13:14:10,132;2878
13:14:11,132;2881
13:14:13,132;2882
13:14:15,132;2898
13:14:16,132;2896
13:14:18,132;2900
13:14:19,132;2906
13:14:21,132;2907
13:14:22,132;2908
13:14:24,132;2902
13:14:25,132;2899
13:14:27,133;17344
13:14:28,133;17252
13:14:30,133;17229
13:14:31,133;17216
13:14:33,133;17217
13:14:35,133;17213
13:14:36,133;17207
13:14:38,133;17191
13:14:39,133;17249
13:14:41,133;17235
13:14:44,133;17202
13:14:46,133;17221
13:14:48,133;17229
13:14:50,133;17227
13:14:51,133;17202
13:14:52,133;17208
13:14:55,133;17158
13:14:57,133;17171
13:14:59,133;17123
13:15:00,133;17133
13:15:02,133;17134
13:15:03,133;17083
13:15:06,133;17084
13:15:08,133;17133
13:15:10,133;17154
13:15:12,133;17140
13:15:14,133;17143
13:15:16,133;17145
13:15:18,133;17142
13:15:20,133;17146
13:15:22,133;17153
13:15:25,133;17143
13:15:27,133;17136
13:15:28,133;17055
13:15:30,133;17040
13:15:31,133;17043
13:15:33,133;17053
13:15:34,133;17047
13:15:36,133;17061
13:15:38,133;17049
13:15:40,133;17051
13:15:42,133;17047
13:15:44,133;17048
13:15:46,133;17046
13:15:48,133;17043
13:15:50,133;17046
13:15:52,133;17039
13:15:54,133;17048
13:15:56,133;17048
13:15:58,133;17044
13:16:00,133;17035
13:16:02,133;17037
13:16:04,133;17034
13:16:07,133;17035
13:16:09,133;17039
13:16:10,133;17039
13:16:12,133;17028
13:16:14,133;17010
13:16:16,133;17046
13:16:17,133;17042
13:16:19,133;17000
13:16:22,59;12644
13:16:24,202;4728
13:16:26,202;4723
13:16:27,158;10553
13:16:29,156;10676
13:16:30,158;10410
13:16:32,158;10369
13:16:33,34;15473
13:16:35,158;10398
13:16:36,158;10445
13:16:38,159;10250
13:16:39,159;10244
13:16:41,73;3214
13:16:43,96;15077
13:16:44,158;10356
13:16:46,155;10458
13:16:47,158;10414
13:16:49,39;7067
13:16:50,33;2786
13:16:52,33;2387
13:16:53,33;2888
13:16:55,41;4948
13:16:56,161;9845
13:16:58,14;4726
13:17:00,16;1452
13:17:03,10;4025
13:17:04,1;300
13:17:06,3;1423
13:17:07,3;1806
13:17:09,4;3279
13:17:10,4;3288
13:17:12,3;1876
13:17:13,3;1574
13:17:15,3;831
13:17:16,8;132
13:17:18,4;575
13:17:21,3;891
13:17:22,3;1083
13:17:24,195;5994
13:17:25,195;5993
13:17:27,195;5969
13:17:29,195;5961
13:17:30,195;5956
13:17:32,202;4861
13:17:34,66;7668
13:17:36,201;4857
13:17:37,201;4879
13:17:40,215;5312
13:17:42,217;5245
13:17:43,217;5243
13:17:45,31;8961
13:17:47,40;2674
13:17:48,37;3119
13:17:50,43;3976
13:17:52,40;4767
13:17:54,39;4801
13:17:57,38;4952
13:17:59,36;5895
13:18:00,44;3780
13:18:03,43;4292
13:18:05,40;4577
13:18:06,37;5664
13:18:08,36;5468
13:18:10,42;4210
13:18:12,39;5447
13:18:13,37;5068
13:18:15,38;5270
13:18:16,217;5271
13:18:18,36;3669
13:18:20,36;15077
13:18:22,40;2621
13:18:24,34;15172
13:18:26,35;10799
13:18:27,34;9126
13:18:29,34;7071
13:18:30,33;16761
13:18:32,33;16022
13:18:34,31;2855
13:18:35,45;3799
13:18:37,58;2362
13:18:39,60;6549
13:18:41,10;4610
13:18:42,39;2637
13:18:44,54;2852
13:18:45,217;5272
13:18:47,217;5266
13:18:48,217;5263
13:18:50,217;5266
13:18:51,217;5268
13:18:53,217;5251
13:18:54,217;5261
13:18:56,217;5267
13:18:57,217;5250
13:18:59,217;5250
13:19:00,217;5243
13:19:02,217;5244
13:19:03,217;5246
13:19:05,217;5232
13:19:07,217;5230
13:19:09,217;5236
13:19:12,217;5235
13:19:14,217;5246
13:19:16,217;5231
13:19:17,217;5232
13:19:19,217;5241
13:19:20,216;5225
13:19:23,217;5227
13:19:26,190;6414
13:19:29,113;9964
13:19:32,143;2491
13:19:34,143;2496
13:19:37,146;14314
13:19:39,146;2291
13:19:42,146;2311
13:19:44,147;2312
13:19:45,146;2316
13:19:47,146;2319
13:19:48,146;2324
13:19:51,146;2330
13:19:53,146;2328
13:19:55,146;2324
13:19:57,146;2324
13:19:59,145;2381
13:20:01,146;2379
13:20:03,145;2383
13:20:05,90;6852
13:20:07,80;8847
13:20:08,77;12887
13:20:10,79;10098
13:20:12,79;10641
13:20:14,81;8819
13:20:15,80;7716
13:20:17,81;7871
13:20:19,88;5987
13:20:20,96;8624
13:20:22,74;11059
13:20:23,82;8647
13:20:25,70;3523
13:20:27,70;3361
13:20:28,71;3002
13:20:30,72;3102
13:20:31,75;2423
13:20:33,73;2793
13:20:34,86;5958
13:20:36,76;7921
13:20:37,90;4555
13:20:39,93;4119
13:20:41,95;4231
13:20:43,113;4641
13:20:45,96;4364
13:20:47,139;9608
13:20:49,77;15009
13:20:51,47;10196
13:20:53,75;8262
13:20:55,74;9645
13:20:57,146;14242
13:20:59,146;14241
13:21:01,146;14235
13:21:03,146;14234
13:21:05,146;14223
13:21:07,146;14229
13:21:09,146;14246
13:21:11,146;14239
13:21:13,146;14239
13:21:15,146;14226
13:21:18,146;14233
13:21:21,146;14260
13:21:24,146;14245
13:21:25,146;14252
13:21:27,146;14249
13:21:28,146;14244
13:21:30,146;14251
13:21:32,146;14242
13:21:35,146;14244
13:21:38,146;14262
13:21:41,146;14245
13:21:44,146;14163
13:21:47,146;14167
13:21:50,146;14193
13:21:53,146;14189
13:21:55,146;14173
13:21:56,146;14170
13:21:58,146;14166
13:22:01,146;14164
13:22:05,146;14159
13:22:08,146;14156
13:22:11,146;14153
13:22:13,146;14164
13:22:16,146;14179
13:22:18,146;14182
13:22:20,146;14174
13:22:23,146;14180
13:22:26,146;14180
13:22:29,146;14188
13:22:33,146;14163
13:22:37,146;14160
13:22:41,146;14155
13:22:45,146;14159
13:22:49,146;14165
13:22:54,146;14157
13:22:58,146;14146
13:23:01,146;14146
13:23:04,146;14149
13:23:06,146;14136
13:23:07,146;14138
13:23:09,146;14138
13:23:10,146;14133
13:23:12,146;14138
13:23:13,146;14129
13:23:15,146;14135
13:23:17,146;14135
13:23:18,146;14132
13:23:21,146;14126
13:23:22,146;14242
13:23:24,146;14243
13:23:25,146;14244
13:23:28,146;14244
13:23:30,146;14242
13:23:32,145;14249
13:23:34,146;14235
13:23:36,146;14236
13:23:38,146;14237
13:23:40,145;14238
13:23:42,146;14250
13:23:44,146;14251
13:23:46,146;14243
13:23:48,146;14239
13:23:51,146;14240
13:23:53,146;14231
13:23:54,146;14249
13:23:56,146;14241
13:23:58,146;14249
13:24:00,146;14254
13:24:02,146;14242
13:24:05,146;14240
13:24:08,146;14250
13:24:11,146;14240
13:24:14,146;14258
13:24:16,146;14253
13:24:19,146;14263
13:24:22,146;14259
13:24:25,146;14239
13:24:29,146;14239
13:24:31,146;14275
13:24:34,146;14265
13:24:38,146;14269
13:24:42,146;14312
13:24:44,146;14308
13:24:47,146;14293
13:24:49,146;14302
13:24:52,146;14301
13:24:55,146;14303
13:24:59,146;14288
13:25:06,146;14271
13:25:09,146;14268
13:25:13,146;14325
13:25:14,146;14314
13:25:16,146;14304
13:25:19,146;14308
13:25:22,146;14282
13:25:26,146;14283
13:25:29,146;14286
13:25:31,146;14274
13:25:34,146;14275
13:25:36,146;14290
13:25:38,146;14282
13:25:40,146;14265
13:25:43,146;14258
13:25:46,146;14284
13:25:50,146;14288
13:25:53,146;14286
13:25:55,146;14289
13:25:58,146;14260
13:26:01,146;14296
13:26:03,146;14285
13:26:05,146;14293
13:26:07,146;14278
13:26:10,146;14269
13:26:12,146;14280
13:26:14,146;14289
13:26:16,146;14291
13:26:18,146;14299
13:26:20,145;14346
13:26:22,5;1238
13:26:23,145;14332
13:26:25,145;14339
13:26:26,145;14332
13:26:28,145;14312
13:26:29,21;6460
13:26:31,145;14301
13:26:32,145;14312
13:26:34,145;14309
13:26:36,145;14309
13:26:37,145;14325
13:26:39,145;14320
13:26:41,144;2329
13:26:43,144;2350
13:26:46,145;2350
13:26:48,145;2357
13:26:50,145;2374
13:26:51,145;2378
13:26:53,145;2384
13:26:56,145;2385
13:26:58,145;2385
13:27:02,145;2389
13:27:05,145;2381
13:27:08,145;2397
13:27:10,145;2399
13:27:13,144;2399
13:27:15,145;2401
13:27:18,145;2396
13:27:20,144;2401
13:27:21,145;2400
13:27:23,145;2399
13:27:24,144;2400
13:27:26,145;2398
13:27:28,144;2399
13:27:29,144;2401
13:27:31,144;2403
13:27:32,145;2406
13:27:34,145;2403
13:27:35,145;2404
13:27:37,145;2405
13:27:39,145;2406
13:27:41,145;2418
13:27:42,145;2418
13:27:44,144;2423
13:27:45,144;2420
13:27:47,144;2423
13:27:48,145;2418
13:27:50,144;2420
13:27:51,144;2421
13:27:53,145;2419
13:27:55,144;2420
13:27:56,145;2414
13:27:58,147;2352
13:27:59,147;2360
13:28:01,147;2358
13:28:02,147;2358
13:28:04,147;2362
13:28:05,147;2361
13:28:07,147;2361
13:28:08,147;2359
13:28:10,147;2361
13:28:12,147;2361
13:28:13,147;2360
13:28:15,147;2358
13:28:17,147;2360
13:28:18,147;2362
13:28:20,147;2358
13:28:21,147;2360
13:28:23,147;2363
13:28:24,147;2356
13:28:26,147;2356
13:28:27,147;2360
13:28:29,147;2355
13:28:30,147;2358
13:28:32,147;2359
13:28:33,147;2362
13:28:36,147;2359
13:28:38,147;2359
13:28:41,147;2363
13:28:43,147;2367
13:28:45,147;2370
13:28:46,147;2366
13:28:48,147;2374
13:28:51,147;2372
13:28:58,147;2361
13:29:01,147;2353
13:29:04,147;2355
13:29:07,147;2359
13:29:11,147;2355
13:29:13,147;2358
13:29:15,147;2344
13:29:17,147;2343
13:29:20,147;2347
13:29:21,7;3039
13:29:23,146;14234
13:29:24,11;5128
13:29:26,56;5849
13:29:27,146;2359
13:29:29,146;2362
13:29:32,146;2361
13:29:33,147;2359
13:29:35,146;2362
13:29:37,146;2365
13:29:38,146;2361
13:29:42,146;2365
13:29:46,147;2362
13:29:48,146;2364
13:29:50,146;2363
13:29:53,147;2365
13:29:56,146;2367
13:29:58,146;2364
13:29:59,146;2365
13:30:03,147;2365
13:30:04,6;2797
13:30:06,12;1916
13:30:07,146;2378
13:30:09,146;2374
13:30:10,146;2369
13:30:12,146;2371
13:30:13,146;2371
13:30:15,146;2365
13:30:16,147;2364
13:30:18,147;2364
13:30:19,147;2367
13:30:21,147;2370
13:30:23,146;2370
13:30:24,146;2371
13:30:26,146;2371
13:30:29,146;2371
13:30:31,146;2370
13:30:33,146;2373
13:30:35,146;2371
13:30:36,146;2375
13:30:38,147;2373
13:30:40,147;2370
13:30:42,147;2377
13:30:44,146;2373
13:30:46,146;2375
13:30:47,146;2370
13:30:49,147;2373
13:30:50,146;2375
13:30:53,147;2372
13:30:55,147;2379
13:30:57,147;2380
13:30:59,147;2376
13:31:01,147;2378
13:31:03,146;2359
13:31:05,147;2367
13:31:07,147;2366
13:31:10,147;2367
13:31:13,147;2367
13:31:16,147;2358
13:31:18,147;2357
13:31:20,147;2356
13:31:24,147;2358
13:31:27,147;2351
13:31:30,147;2375
13:31:33,147;2377
13:31:36,147;2376
13:31:39,147;2376
13:31:43,147;2375
13:31:45,147;2367
13:31:47,146;2360
13:31:49,147;2364
13:31:52,147;2362
13:31:55,147;2363
13:31:57,147;2364
13:31:59,146;2367
13:32:01,146;2365
13:32:04,146;2361
13:32:05,146;2341
13:32:07,147;2344
13:32:08,147;2351
13:32:10,147;2346
13:32:12,147;2346
13:32:13,146;2352
13:32:15,147;2357
13:32:16,147;2351
13:32:18,146;2356
13:32:20,147;2357
13:32:21,147;2357
13:32:22,147;2354
13:32:24,147;2354
13:32:26,147;2358
13:32:27,147;2351
13:32:29,147;2353
13:32:30,146;2358
13:32:32,147;2355
13:32:34,146;2353
13:32:35,146;2352
13:32:37,146;2353
13:32:39,146;2353
13:32:42,122;2709
13:32:44,146;2356
13:32:45,146;2357
13:32:47,146;2356
13:32:49,146;2357
13:32:50,146;2355
13:32:52,146;2359
13:32:53,146;2357
13:32:55,146;2357
13:32:56,146;2359
13:32:58,146;2359
13:32:59,147;2357
13:33:01,146;2357
13:33:03,53;12097
13:33:05,147;2361
13:33:07,74;5194
13:33:08,40;2841
13:33:10,27;5348
13:33:12,34;4282
13:33:14,147;14134
13:33:16,147;14140
13:33:17,147;14122
13:33:19,147;14106
13:33:20,147;14083
13:33:22,147;14071
13:33:23,147;14072
13:33:25,147;14078
13:33:26,147;14079
13:33:28,147;14079
13:33:29,147;14076
13:33:33,33;3828
13:33:35,33;9845
13:33:37,37;16473
13:33:39,34;5315
13:33:41,34;4702
13:33:43,32;12966
13:33:45,33;9938
13:33:47,34;9259
13:33:49,34;9358
13:33:51,33;9730
13:33:53,33;13685
13:33:55,35;10191
13:33:57,35;10114
13:33:59,34;9877
13:34:02,33;8534
13:34:06,33;13345
13:34:09,34;11607
13:34:11,146;2371
13:34:13,146;2371
13:34:14,146;2368
13:34:17,146;2368
13:34:19,146;2369
13:34:21,146;2370
13:34:24,146;2364
13:34:25,146;2370
13:34:27,146;2363
13:34:28,146;2360
13:34:30,146;2365
13:34:31,146;2359
13:34:33,146;2361
13:34:35,146;2361
13:34:36,146;2360
13:34:38,146;2360
13:34:39,146;2357
13:34:41,26;2468
13:34:44,147;14085
13:34:46,147;14063
13:34:49,147;14024
13:34:50,147;14020
13:34:53,147;14039
13:34:55,147;14027
13:34:58,147;14035
13:35:00,147;14017
13:35:02,147;13999
13:35:05,147;13978
13:35:06,147;13979
13:35:08,147;13976
13:35:09,147;13968
13:35:11,147;13966
13:35:12,147;13958
13:35:14,147;13965
13:35:16,147;13961
13:35:17,147;13961
13:35:18,147;13956
13:35:20,147;13950
13:35:23,29;5464
13:35:25,26;7716
13:35:27,23;7593
13:35:29,209;7865
13:35:30,181;7746
13:35:32,27;4224
13:35:34,36;6124
13:35:36,143;14719
13:35:38,121;2506
13:35:39,33;17643
13:35:41,71;12484
13:35:43,97;12328
13:35:44,36;19212
13:35:46,40;12037
13:35:48,43;10548
13:35:49,62;4421
13:35:51,45;10735
13:35:53,58;6059
13:35:54,146;2378
13:35:56,145;2407
13:35:57,144;2430
13:35:59,144;2449
13:36:00,144;2439
13:36:02,144;2450
13:36:03,144;2450
13:36:05,142;2532
13:36:07,143;2509
13:36:08,143;2516
13:36:09,138;2560
13:36:11,38;10169
13:36:13,96;3465
13:36:14,119;2817
13:36:16,122;2850
13:36:17,143;2476
13:36:19,143;2459
13:36:20,143;2468
13:36:22,143;2471
13:36:24,56;3500
13:36:25,144;14762
13:36:27,144;14747
13:36:29,144;14744
13:36:30,144;14735
13:36:32,144;14715
13:36:33,144;14681
13:36:38,144;14683
13:36:40,144;14686
13:36:43,144;14651
13:36:45,144;14671
13:36:46,144;14670
13:36:50,144;14657
13:36:53,144;14664
13:36:54,144;14659
13:36:56,144;14648
13:36:57,144;14641
13:36:59,106;9926
13:37:01,96;12637
13:37:03,42;4448
13:37:05,45;2489
13:37:07,121;3441
13:37:08,121;3450
13:37:10,121;3452
13:37:11,120;3538
13:37:13,122;3385
13:37:14,121;3448
13:37:16,121;3446
13:37:18,121;3477
13:37:19,121;3498
13:37:20,120;3547
13:37:22,120;3517
13:37:23,121;3448
13:37:25,121;3454
13:37:27,121;3448
13:37:28,121;3479
13:37:29,121;3483
13:37:30,121;3484
13:37:31,121;3473
13:37:32,30;6269
13:37:33,40;2279
13:37:35,41;5292
13:37:36,41;4612
13:37:38,39;2982
13:37:39,37;2606
13:37:40,38;2923
13:37:41,39;3005
13:37:42,40;4730
13:37:43,121;3492
13:37:44,121;3500
13:37:45,120;3505
13:37:47,121;3505
13:37:48,121;3507
13:37:49,121;3526
13:37:50,121;3512
13:37:51,120;3515
13:37:52,121;3516
13:37:53,120;3517
13:37:54,120;3514
13:37:55,120;3505
13:37:56,121;3513
13:37:57,120;3504
13:37:58,121;3505
13:37:59,121;3504
13:38:00,120;3503
13:38:01,121;3509
13:38:02,120;3505
13:38:03,120;3507
13:38:04,120;3500
13:38:05,120;3505
13:38:06,120;3507
13:38:07,120;3511
13:38:08,120;3508
13:38:09,120;3503
13:38:10,120;3509
13:38:11,121;3506
13:38:12,121;3502
13:38:13,121;3503
13:38:14,120;3496
13:38:15,121;3500
13:38:16,120;3502
13:38:17,120;3500
13:38:18,121;3505
13:38:19,120;3508
13:38:21,120;3503
13:38:23,120;3506
13:38:25,120;3503
13:38:28,120;3506
13:38:32,121;3501
13:38:36,121;3504
13:38:38,121;3504
13:38:42,121;3504
13:38:44,121;3507
13:38:46,121;3503
13:38:47,121;3507
13:38:49,121;3510
13:38:50,121;3507
13:38:52,121;3505
13:38:53,120;3508
13:38:56,120;3502
13:38:58,120;3537
13:39:00,120;3527
13:39:02,120;3530
13:39:04,120;3525
13:39:06,120;3528
13:39:07,120;3528
13:39:09,120;3516
13:39:10,120;3537
13:39:11,120;3536
13:39:12,120;3527
13:39:13,120;3535
13:39:14,120;3534
13:39:15,120;3536
13:39:16,120;3531
13:39:17,120;3535
13:39:18,120;3529
13:39:20,120;3535
13:39:22,120;3531
13:39:24,120;3533
13:39:26,120;3534
13:39:28,120;3536
13:39:30,120;3507
13:39:31,120;3501
13:39:33,120;3505
13:39:34,120;3502
13:39:36,120;3504
13:39:37,120;3504
13:39:39,120;3503
13:39:40,120;3506
13:39:42,120;3506
13:39:43,120;3505
13:39:45,120;3506
13:39:48,120;3505
13:39:50,120;3498
13:39:52,120;3500
13:39:53,120;3499
13:39:54,120;3500
13:39:56,121;3502
13:39:58,120;3505
13:40:00,98;3417
13:40:01,132;2933
13:40:04,133;2924
13:40:06,133;2928
13:40:07,135;2825
13:40:08,142;2532
13:40:09,144;2460
13:40:10,144;2462
13:40:11,144;2464
13:40:13,144;2464
13:40:14,144;2464
13:40:16,144;2464
13:40:17,144;2465
13:40:19,144;2464
13:40:21,144;2468
13:40:23,144;2468
13:40:25,144;2464
13:40:28,144;2467
13:40:30,144;2474
13:40:31,144;2469
13:40:32,144;2470
13:40:34,144;2471
13:40:36,144;2468
13:40:37,144;2467
13:40:38,144;2468
13:40:40,144;2465
13:40:44,144;2468
13:40:47,144;2466
13:40:49,144;2469
13:40:51,144;2465
13:40:55,144;2465
13:40:58,144;2465
13:41:00,144;2465
13:41:01,144;2466
13:41:02,144;2465
13:41:04,144;2466
13:41:06,144;2454
13:41:07,144;2459
13:41:08,144;2457
13:41:09,144;2456
13:41:11,144;2456
13:41:12,144;2456
13:41:14,144;2455
13:41:15,144;2457
13:41:16,144;2458
13:41:19,144;2459
13:41:19,144;2456
13:41:20,144;2457
13:41:21,144;2458
13:41:22,144;2457
13:41:22,144;2459
13:41:24,144;2456
13:41:25,144;2457
13:41:26,144;2456
13:41:27,144;2456
13:41:30,144;2459
13:41:31,144;2457
13:41:33,144;2455
13:41:34,144;2453
13:41:36,144;2457
13:41:37,144;2457
13:41:39,144;2454
13:41:42,144;2454
13:41:43,144;2452
13:41:44,144;2456
13:41:45,144;2456
13:41:47,144;2458
13:41:48,144;2458
13:41:50,144;2456
13:41:53,144;2452
13:41:53,144;2454
13:41:56,144;2453
13:41:56,144;2453
13:41:59,144;2455
13:41:59,144;2456
13:42:02,144;2455
13:42:02,144;2452
13:42:06,144;2451
13:42:07,144;2455
13:42:09,144;2456
13:42:10,144;2455
13:42:12,144;2454
13:42:12,144;2454
13:42:14,144;2457
13:42:15,144;2456
13:42:17,144;2456
13:42:18,144;2455
13:42:20,144;2426
13:42:21,144;2409
13:42:21,144;2411
13:42:22,144;2410
13:42:23,144;2416
13:42:24,144;2415
13:42:25,144;2413
13:42:26,144;2411
13:42:27,144;2411
13:42:29,144;2415
13:42:30,144;2414
13:42:32,144;2410
13:42:33,144;2413
13:42:35,144;2413
13:42:36,144;2412
13:42:37,144;2411
13:42:38,144;2408
13:42:40,144;2410
13:42:41,144;2414
13:42:41,144;2416
13:42:42,144;2416
13:42:44,144;2415
13:42:45,144;2413
13:42:49,144;2414
13:42:54,144;2414
13:42:55,144;2410
13:42:57,144;2413
13:43:01,144;2415
13:43:03,144;2418
13:43:06,144;2406
13:43:07,144;2414
13:43:09,144;2412
13:43:10,144;2412
13:43:12,144;2414
13:43:13,144;2415
13:43:14,144;2410
13:43:16,144;2401
13:43:18,144;2406
13:43:19,144;2401
13:43:20,144;2403
13:43:21,144;2400
13:43:22,144;2404
13:43:23,144;2401
13:43:24,144;2402
13:43:26,144;2406
13:43:27,144;2404
13:43:30,145;2402
13:43:31,144;2403
13:43:33,144;2402
13:43:34,144;2403
13:43:37,144;2402
13:43:38,144;2405
13:43:40,144;2407
13:43:41,144;2400
13:43:43,144;2397
13:43:45,144;2400
13:43:46,144;2403
13:43:49,145;2402
13:43:50,144;2406
13:43:53,145;2406
13:43:54,144;2402
13:43:55,144;2401
13:43:56,144;2401
13:43:57,144;2400
13:43:58,144;2405
13:43:59,144;2404
13:44:01,144;2401
13:44:01,144;2404
13:44:03,144;2400
13:44:03,144;2401
13:44:06,144;2400
13:44:06,144;2402
13:44:08,144;2399
13:44:09,144;2400
13:44:11,144;2399
13:44:12,144;2399
13:44:14,144;2399
13:44:14,144;2401
13:44:17,144;2403
13:44:17,144;2398
13:44:20,144;2401
13:44:20,144;2401
13:44:23,144;2401
13:44:24,144;2399
13:44:25,144;2396
13:44:26,144;2399
13:44:28,144;2399
13:44:29,145;2399
13:44:30,144;2401
13:44:31,144;2404
13:44:32,144;2402
13:44:33,144;2397
13:44:35,144;2401
13:44:36,144;2399
13:44:37,144;2397
13:44:38,144;2399
13:44:39,145;2402
13:44:40,144;2400
13:44:41,144;2400
13:44:44,144;2399
13:44:45,144;2400
13:44:47,145;2398
13:44:48,144;2403
13:44:50,144;2397
13:44:51,144;2400
13:44:52,144;2396
13:44:54,144;2398
13:44:56,144;2397
13:44:57,144;2397
13:44:59,144;2398
13:45:00,144;2396
13:45:02,144;2396
13:45:03,145;2396
13:45:04,144;2398
13:45:04,144;2396
13:45:05,144;2398
13:45:07,144;2397
13:45:08,144;2396
13:45:10,144;2397
13:45:11,145;2394
13:45:13,144;2399
13:45:16,144;2399
13:45:16,144;2403
13:45:20,144;2403
13:45:20,144;2399
13:45:23,144;2399
13:45:23,144;2399
13:45:27,144;2399
13:45:28,144;2401
13:45:31,144;2401
13:45:31,144;2397
13:45:33,144;2397
13:45:33,144;2399
13:45:37,144;2400
13:45:39,144;2408
13:45:41,144;2399
13:45:41,144;2405
13:45:43,144;2402
13:45:44,144;2405
13:45:44,144;2406
13:45:47,144;2407
13:45:48,144;2408
13:45:50,144;2403
13:45:51,144;2408
13:45:53,144;2410
13:45:56,144;2409
13:45:58,144;2408
13:45:59,144;2411
13:46:00,144;2413
13:46:02,144;2407
13:46:03,144;2407
13:46:05,144;2410
13:46:07,144;2406
13:46:08,144;2404
13:46:09,144;2402
13:46:11,144;2406
13:46:12,144;2400
13:46:15,144;2405
13:46:16,144;2403
13:46:19,144;2399
13:46:19,144;2405
13:46:22,144;2404
13:46:22,144;2402
13:46:24,144;2403
13:46:25,144;2405
13:46:28,144;2400
13:46:29,144;2405
13:46:31,144;2398
13:46:32,144;2402
13:46:35,144;2401
13:46:35,144;2400
13:46:38,144;2400
13:46:38,143;13999
13:46:41,145;14356
13:46:42,145;14362
13:46:43,145;14368
13:46:45,145;14341
13:46:45,145;14316
13:46:47,145;14311
13:46:48,145;14304
13:46:50,145;14304
13:46:51,145;14297
13:46:54,145;14297
13:46:55,145;14307
13:46:57,145;14300
13:46:59,145;14287
13:47:02,145;14280
13:47:03,145;14263
13:47:05,145;14254
13:47:05,145;14246
13:47:07,145;14248
13:47:08,145;14244
13:47:09,145;14240
13:47:10,145;14235
13:47:11,145;14242
13:47:12,145;14239
13:47:13,145;14235
13:47:14,145;14243
13:47:15,145;14232
13:47:16,145;14212
13:47:17,145;14214
13:47:19,145;14228
13:47:19,145;14208
13:47:22,145;14210
13:47:22,145;14229
13:47:25,145;14222
13:47:25,145;14232
13:47:28,145;14232
13:47:31,145;14195
13:47:31,145;14193
13:47:34,145;14197
13:47:34,145;14256
13:47:37,145;14253
13:47:37,145;14249
13:47:39,145;14247
13:47:39,145;14248
13:47:41,145;14247
13:47:41,145;14221
13:47:43,145;14219
13:47:44,145;14240
13:47:45,144;14191
13:47:48,144;14096
13:47:49,145;14244
13:47:50,145;14220
13:47:50,145;14226
13:47:52,145;14231
13:47:52,145;14233
13:47:53,145;14225
13:47:54,145;14238
13:47:55,145;14226
13:47:56,145;14210
13:47:58,145;14199
13:47:58,145;14197
13:48:00,145;14169
13:48:00,145;14178
13:48:01,145;14180
13:48:02,62;7693
13:48:04,130;9156
13:48:05,94;8842
13:48:05,95;8746
13:48:07,92;8988
13:48:08,134;10835
13:48:09,103;6727
13:48:09,90;6381
13:48:10,78;7954
13:48:11,61;13212
13:48:13,62;14592
13:48:14,64;7458
13:48:15,65;6757
13:48:16,64;9499
13:48:17,64;10939
13:48:17,63;11469
13:48:19,64;11135
13:48:19,63;9955
13:48:21,62;10976
13:48:23,62;10791
13:48:24,62;10326
13:48:25,61;10485
13:48:26,61;9889
13:48:27,61;9764
13:48:28,61;9369
13:48:29,62;9069
13:48:30,61;8922
13:48:33,61;8763
13:48:33,61;8636
13:48:35,61;8760
13:48:35,61;8587
13:48:37,61;8675
13:48:37,60;8728
13:48:39,60;8701
13:48:40,46;11893
13:48:41,145;2323
13:48:41,144;2333
13:48:43,144;2340
13:48:44,145;2339
13:48:45,144;2344
13:48:46,144;2349
13:48:46,145;2350
13:48:48,144;2349
13:48:49,145;2358
13:48:51,144;2355
13:48:52,144;2362
13:48:53,53;4349
13:48:54,61;2308
13:48:55,54;3223
13:48:55,141;14225
13:48:56,37;6453
13:48:57,144;2359
13:48:58,144;2361
13:48:59,145;2358
13:49:00,144;2354
13:49:00,144;2366
13:49:02,144;2366
13:49:03,145;2368
13:49:05,144;2369
13:49:05,144;2372
13:49:06,144;2371
13:49:06,145;2370
13:49:08,144;2371
13:49:08,144;2372
13:49:10,144;2371
13:49:11,145;2373
13:49:13,145;2373
13:49:13,145;2375
13:49:14,145;2375
13:49:15,144;2377
13:49:16,144;2376
13:49:16,144;2374
13:49:18,144;2375
13:49:18,144;2375
13:49:20,144;2375
13:49:20,144;2374
13:49:21,144;2374
13:49:22,144;2376
13:49:24,144;2383
13:49:26,145;14341
13:49:28,142;13308
13:49:28,135;10301
13:49:30,135;10300
13:49:30,120;9069
13:49:31,135;11810
13:49:32,140;12170
13:49:34,140;12442
13:49:34,139;11561
13:49:37,138;11553
13:49:38,73;11391
13:49:39,145;14153
13:49:40,145;14192
13:49:41,145;14195
13:49:41,145;14177
13:49:42,145;14185
13:49:43,145;14196
13:49:44,145;14199
13:49:45,145;14183
13:49:45,145;14192
13:49:46,145;14200
13:49:48,38;2820
13:49:49,51;15128
13:49:49,51;2554
13:49:51,145;14232
13:49:51,77;14018
13:49:53,140;13074
13:49:53,145;14185
13:49:55,145;14185
13:49:56,145;14175
13:49:58,145;14179
13:49:58,145;14177
13:49:59,145;14171
13:50:00,145;14171
13:50:01,145;14169
13:50:02,145;14170
13:50:04,145;14176
13:50:05,145;14165
13:50:06,145;14177
13:50:07,145;14163
13:50:08,145;14161
13:50:09,145;14160
13:50:10,145;14156
13:50:11,145;14160
13:50:12,145;14159
13:50:12,145;14153
13:50:13,145;14150
13:50:14,145;14148
13:50:16,145;14149
13:50:19,145;14149
13:50:19,145;14167
13:50:22,145;14172
13:50:22,145;14164
13:50:24,145;14164
13:50:24,145;14167
13:50:27,145;14164
13:50:27,145;14161
13:50:29,145;14170
13:50:30,145;14155
13:50:32,145;14165
13:50:32,145;14172
13:50:35,145;14161
13:50:35,145;14158
13:50:38,145;14144
13:50:38,145;14167
13:50:40,145;14162
13:50:41,145;14150
13:50:43,145;14160
13:50:44,145;14150
13:50:45,145;14154
13:50:45,145;14159
13:50:46,145;14144
13:50:48,145;14144
13:50:49,145;14135
13:50:50,145;14143
13:50:51,145;14139
13:50:52,145;14147
13:50:52,145;14142
13:50:54,145;14138
13:50:55,145;14134
13:50:56,145;14130
13:50:57,145;14147
13:50:58,145;14146
13:50:58,145;14136
13:50:59,145;14132
13:51:00,145;14136
13:51:02,145;14129
13:51:03,145;14131
13:51:04,145;14128
13:51:05,145;14124
13:51:06,145;14127
13:51:07,145;14117
13:51:09,145;14123
13:51:09,145;14137
13:51:10,145;14120
13:51:11,145;14122
13:51:13,145;14126
13:51:13,145;14122
13:51:15,145;14127
13:51:15,145;14124
13:51:16,145;14112
13:51:16,145;14108
13:51:18,145;14108
13:51:18,145;14121
13:51:20,145;14112
13:51:21,145;14108
13:51:24,145;14106
13:51:25,145;14104
13:51:27,145;14112
13:51:28,145;14111
13:51:29,145;14102
13:51:30,145;14102
13:51:32,145;14096
13:51:33,145;14093
13:51:33,145;14095
13:51:35,145;14095
13:51:36,145;14095
13:51:37,145;14110
13:51:38,145;14102
13:51:39,145;14114
13:51:40,145;14117
13:51:42,145;14109
13:51:43,89;6495
13:51:44,75;7514
13:51:45,81;9290
13:51:46,88;10871
13:51:47,77;9136
13:51:48,83;6871
13:51:49,75;5764
13:51:50,88;9844
13:51:51,96;10707
13:51:52,92;11008
13:51:53,78;10290
13:51:54,79;11276
13:51:55,79;9925
13:51:56,76;7293
13:51:58,75;6556
13:52:00,75;6572
13:52:01,75;6611
13:52:02,75;6330
13:52:03,75;6480
13:52:05,75;6436
13:52:06,75;6405
13:52:08,75;6652
13:52:10,75;6007
13:52:11,77;5426
13:52:12,77;5550
13:52:13,76;6080
13:52:14,75;6373
13:52:15,76;6047
13:52:16,76;6449
13:52:17,75;6119
13:52:18,75;6338
13:52:20,76;6388
13:52:21,76;6576
13:52:22,76;6584
13:52:23,76;6462
13:52:24,75;6083
13:52:26,75;6173
13:52:27,86;11769
13:52:28,79;8910
13:52:30,78;8457
13:52:31,78;8067
13:52:34,77;7202
13:52:36,78;7393
13:52:39,78;7535
13:52:41,77;6001
13:52:43,145;14103
13:52:44,145;14099
13:52:45,145;14093
13:52:46,145;14088
13:52:47,145;14092
13:52:49,145;14095
13:52:50,145;14097
13:52:51,145;14096
13:52:52,145;14087
13:52:54,145;14084
13:52:56,145;14091
13:52:57,145;14098
13:52:58,145;14093
13:52:59,145;14091
13:53:00,145;14096
13:53:01,145;14095
13:53:02,145;14086
13:53:03,145;14084
13:53:04,145;14072
13:53:05,145;14080
13:53:06,145;14080
13:53:08,145;14076
13:53:11,145;14075
13:53:13,145;14078
13:53:14,145;14093
13:53:16,145;14096
13:53:18,145;14093
13:53:20,145;14079
13:53:21,145;14077
13:53:23,145;14078
13:53:25,86;4293
13:53:26,87;3981
13:53:28,88;3740
13:53:30,88;3661
13:53:32,88;3686
13:53:34,88;3659
13:53:35,89;3380
13:53:37,85;4426
13:53:39,86;3582
13:53:41,86;3521
13:53:43,86;3386
14:02:04,145;2384
14:02:06,145;2384
14:02:07,145;2384
14:02:09,145;2385
14:02:10,145;2386
14:02:11,145;2383
14:02:12,145;2386
14:02:13,145;2385
14:02:14,145;2386
14:02:15,145;2387
14:02:16,145;2389
14:02:17,117;10932
14:02:18,103;12905
14:02:19,93;11457
14:02:20,89;11379
14:02:21,89;11592
14:02:22,102;11278
14:02:23,97;11185
14:02:24,25;3686
14:02:25,131;11479
14:02:27,142;12351
14:02:28,135;11734
14:02:29,128;11527
14:02:30,140;11985
14:02:31,138;11951
14:02:32,134;11546
14:02:34,133;11506
14:02:35,146;14218
14:02:37,145;12684
14:06:48,146;14108
14:06:50,146;14108
14:06:52,146;14059
14:06:53,146;14067
14:06:54,146;14065
14:06:55,146;14066
14:06:56,146;14064
14:06:57,146;14061
14:06:58,146;14056
14:06:59,146;14056
14:07:00,146;14054
14:07:01,146;14057
14:07:02,146;14050
14:07:03,146;14046
14:07:39,152;12509
14:07:41,151;12495
14:07:42,152;12494
14:07:43,152;12432
14:07:44,151;12515
14:07:45,154;12174
14:07:46,152;12428
14:07:47,152;12454
14:07:48,160;11022
14:07:49,195;7472
14:07:50,32;8367
14:07:51,195;7234
14:07:52,200;8326
14:07:53,202;8326
14:07:54,204;8345
14:07:56,203;8260
14:07:58,204;8235
14:07:59,210;6391
14:08:00,208;6362
14:08:01,208;6319
14:08:02,213;6167
14:08:04,214;6301
14:08:07,207;6392
14:08:08,208;7735
14:08:09,219;7254
14:08:10,219;7176
14:08:11,219;7223
14:08:12,217;7440
14:08:13,218;7273
14:08:14,219;7063
14:08:15,219;7054
14:08:16,217;6325
14:08:17,213;6083
14:08:18,219;7083
14:08:19,219;7018
14:08:20,220;7166
14:08:22,219;6558
14:08:23,219;6588
14:08:24,217;6384
14:08:27,66;10848
14:08:28,66;11159
14:08:29,66;10505
14:08:30,66;11307
14:08:31,66;10853
14:08:32,65;9375
14:08:33,65;9560
14:08:34,65;10092
14:08:35,65;10772
14:08:36,65;10684
14:08:37,64;10926
14:08:38,65;10951
14:08:39,65;10379
14:08:40,65;9957
14:08:41,66;11179
14:08:42,65;9926
14:08:43,65;9253
14:08:44,65;9362
14:08:45,65;9577
14:08:46,66;10854
14:08:47,167;9587
14:08:48,164;10173
14:08:49,164;10055
14:08:51,164;10077
14:08:52,164;10083
14:08:54,164;10081
14:08:55,164;10050
14:08:56,164;10057
14:08:57,152;10196
14:08:58,103;13327
14:09:01,76;16592
14:09:02,64;3250
14:09:03,48;11124
14:09:04,47;10873
14:09:05,48;10060
14:09:06,68;2500
14:09:07,129;8828
14:09:08,57;3540
14:09:09,52;4470
14:09:10,56;3590
14:09:11,50;5501
14:09:12,54;4049
14:09:13,57;3571
14:09:14,59;3245
14:09:15,57;3495
14:09:17,51;4913
14:09:18,52;5947
14:09:19,53;5826
14:09:21,52;9157
14:09:23,52;6285
14:09:25,49;7959
14:09:28,49;8093
14:09:30,52;5472
14:09:31,51;6338
14:09:32,50;6356
14:09:34,51;6362
14:09:35,49;9110
14:09:36,164;10201
14:09:37,164;10183
14:09:38,164;10154
14:09:39,164;10142
14:09:40,164;10146
14:09:41,164;10151
14:09:42,164;10154
14:09:44,164;10160
14:09:45,160;9733
14:09:47,162;9798
14:09:48,164;10151
14:09:49,164;10163
14:09:50,164;10160
14:09:53,163;10099
14:09:55,158;9664
14:09:58,164;10155
14:09:59,163;10012
14:10:00,164;10050
14:10:30,156;9639
14:10:32,160;9687
14:10:33,158;9823
14:10:34,159;9587
14:10:35,160;9806
14:10:36,148;8844
14:13:25,163;10132
14:13:27,163;10114
14:13:28,164;10126
14:13:29,164;10122
14:13:30,164;10122
14:13:31,164;10127
14:13:32,164;10118
14:13:33,164;10118
14:13:34,164;10114
14:14:36,161;10018
14:14:37,162;10008
14:14:38,161;10006
14:14:39,161;10057
14:14:41,163;10110
14:14:42,161;10015
14:14:43,162;10068
14:17:12,156;9225
14:17:14,140;8237
14:17:15,164;10102
14:17:16,164;10110
14:17:17,164;10106
14:17:18,164;10091
14:17:19,163;10102
14:18:42,65;9672
14:18:44,82;7405
14:18:45,92;7256
14:18:46,118;6969
14:18:47,125;7241
14:18:48,149;8500
14:18:49,156;8790
14:20:09,55;6368
14:20:11,55;6261
14:20:12,55;6128
14:20:13,56;5645
14:20:14,56;5144
14:20:15,56;5079
14:22:05,54;1161
14:22:07,54;1059
14:22:08,55;1007
14:22:09,54;1011
14:22:10,54;1027
14:22:11,54;995
14:22:12,54;1014
14:23:26,55;1744
14:23:28,55;1765
14:23:29,55;1797
14:23:30,55;1826
14:23:31,55;1841
14:23:32,54;1791
14:23:33,55;1777
14:24:57,151;12333
14:25:00,151;12217
14:25:01,151;12223
14:25:02,151;12223
14:25:03,152;12221
14:25:04,151;12216
14:25:06,151;12300
14:25:07,151;12236
14:25:08,151;12223
14:25:09,151;12221
14:25:10,151;12219
14:25:11,151;12218
14:25:12,151;12216
14:25:13,151;12218
14:25:15,151;12230
14:26:59,152;12190
14:27:01,151;12187
14:27:02,152;12184
14:27:03,152;12191
14:27:04,152;12202
14:27:05,152;12194
14:27:06,152;12187
14:27:07,152;12185
14:27:08,152;12192
14:27:09,152;12184
14:27:10,152;12184
14:27:11,152;12186
14:27:12,152;12185
14:27:13,152;12199
14:27:14,152;12193
14:27:15,152;12182
14:27:16,152;12183
14:27:17,152;12190
14:27:18,151;12184
14:27:19,152;12183
14:27:20,152;12189
14:27:21,152;12174
14:27:22,152;12182
14:27:23,151;12183
14:27:24,152;12179
14:27:25,151;12176
14:27:27,152;12176
14:27:29,152;12181
14:27:31,152;12176
14:27:33,152;12183
14:27:34,152;12179
14:27:36,152;12185
14:27:38,152;12177
14:27:40,152;12181
14:27:41,152;12208
14:27:43,152;12222
14:27:45,152;12218
14:27:46,152;12210
14:27:48,152;12211
14:27:50,152;12216
14:27:51,152;12212
14:27:53,152;12216
14:27:55,151;12223
14:27:57,152;12221
14:27:58,152;12218
14:28:00,152;12225
14:28:02,151;12225
14:28:03,152;12219
14:28:05,152;12224
14:28:07,152;12227
14:28:08,152;12216
14:28:10,152;12221
14:28:11,152;12218
14:28:13,152;12225
14:28:15,151;12227
14:28:16,152;12226
14:28:18,152;12226
14:28:20,152;12229
14:28:21,152;12221
14:28:23,152;12221
14:28:25,152;12214
14:28:26,152;12189
14:28:28,152;12195
14:28:30,152;12199
14:28:31,152;12208
14:28:33,152;12208
14:28:34,152;12212
14:28:36,152;12214
14:28:37,152;12211
14:28:39,152;12204
14:28:40,152;12205
14:28:42,152;12202
14:28:43,152;12208
14:28:45,152;12203
14:28:46,151;12197
14:28:48,152;12205
14:28:49,152;12199
14:28:51,152;12208
14:28:53,152;12209
14:28:54,152;12205
14:28:56,152;12223
14:28:57,152;12208
14:28:59,152;12208
14:29:00,152;12216
14:29:02,152;12213
14:29:03,152;12215
14:29:05,152;12210
14:29:06,152;12222
14:29:08,152;12216
14:29:09,6;5076
14:29:11,6;2150
14:29:12,152;12359
14:29:14,152;12276
14:29:15,152;12250
14:29:17,152;12248
14:29:19,152;12245
14:29:20,152;12214
14:29:22,152;12222
14:29:23,152;12217
14:29:25,152;12213
14:29:27,152;12216
14:29:28,152;12228
14:29:30,152;12230
14:29:32,152;12227
14:29:33,152;12223
14:29:35,152;12227
14:29:37,152;12225
14:29:38,152;12224
14:29:40,152;12227
14:29:42,152;12230
14:29:43,152;12221
14:29:45,152;12221
14:29:47,152;12227
14:29:48,152;12227
14:29:50,152;12215
14:29:51,152;12209
14:29:53,152;12205
14:29:55,152;12213
14:29:56,152;12205
14:29:58,152;12216
14:30:00,152;12206
14:30:03,152;12214
14:30:05,152;12218
14:30:07,152;12217
14:30:08,152;12218
14:30:12,152;12225
14:30:13,152;12230
14:30:15,152;12222
14:30:17,152;12231
14:30:18,152;12233
14:30:20,152;12244
14:30:23,152;12247
14:30:25,152;12232
14:30:27,152;12223
14:30:29,152;12239
14:30:30,152;12247
14:30:32,152;12246
14:30:34,152;12248
14:30:35,152;12255
14:30:37,152;12236
14:30:40,152;12230
14:30:42,152;12245
14:30:44,152;12228
14:30:45,152;12223
14:30:47,152;12222
14:30:49,152;12219
14:30:51,152;12225
14:30:54,152;12224
14:30:56,152;12225
14:30:58,152;12232
14:31:00,152;12229
14:31:01,152;12245
14:31:03,152;12236
14:31:05,152;12239
14:31:07,152;12245
14:31:08,152;12248
14:31:10,152;12244
14:31:12,152;12250
14:31:13,152;12253
14:31:15,152;12256
14:31:17,152;12261
14:31:19,152;12260
14:31:21,152;12259
14:31:23,152;12258
14:31:24,152;12254
14:31:26,152;12252
14:31:28,152;12263
14:31:30,152;12262
14:31:31,152;12251
14:31:33,152;12238
14:31:35,152;12226
14:31:37,152;12227
14:31:39,152;12230
14:31:40,152;12225
14:31:42,152;12237
14:31:44,152;12244
14:31:46,152;12252
14:31:48,152;12260
14:31:50,152;12253
14:31:51,152;12253
14:31:53,152;12251
14:31:55,152;12265
14:31:57,152;12261
14:31:59,152;12241
14:32:01,152;12257
14:32:03,152;12260
14:32:05,152;12257
14:32:07,152;12254
14:32:09,152;12258
14:32:11,152;12243
14:32:13,152;12243
14:32:14,152;12246
14:32:16,152;12253
14:32:18,152;12252
14:32:20,152;12237
14:32:21,152;12263
14:32:23,152;12265
14:32:25,152;12257
14:32:26,152;12256
14:32:28,152;12251
14:32:30,152;12244
14:32:32,152;12263
14:32:34,152;12244
14:32:36,152;12240
14:32:37,152;12227
14:32:39,152;12212
14:32:41,151;12177
14:32:43,152;12224
14:32:45,152;12216
14:32:47,152;12219
14:32:49,152;12213
14:32:51,152;12235
14:32:54,152;12230
14:32:56,152;12224
14:32:58,152;12236
14:33:00,152;12230
14:33:02,152;12231
14:33:04,152;12234
14:33:06,152;12226
14:33:10,152;12232
14:33:12,152;12233
14:33:14,152;12228
14:33:16,152;12236
14:33:17,152;12220
14:33:21,151;12161
14:33:23,151;11762
14:33:24,151;12176
14:33:26,152;12195
14:33:27,152;12211
14:33:29,152;12210
14:33:31,152;12240
14:33:32,152;12203
14:33:34,152;12213
14:33:35,152;12214
14:33:37,152;12212
14:33:39,152;12219
14:33:41,152;12216
14:33:43,152;12222
14:33:44,152;12221
14:33:46,152;12227
14:33:48,152;12226
14:33:49,152;12236
14:33:51,152;12243
14:33:53,152;12241
14:33:54,152;12242
14:33:56,152;12242
14:33:58,152;12238
14:33:59,152;12246
14:34:01,152;12244
14:34:02,152;12238
14:34:04,152;12243
14:34:06,152;12244
14:34:07,152;12247
14:34:09,152;12244
14:34:10,152;12237
14:34:12,152;12235
14:34:14,152;12235
14:34:15,152;12223
14:34:17,152;12232
14:34:19,152;12231
14:34:20,152;12226
14:34:22,152;12216
14:34:24,152;12217
14:34:25,152;12236
14:34:27,152;12228
14:34:29,152;12227
14:34:30,152;12218
14:34:32,152;12219
14:34:33,152;12218
14:34:35,152;12214
14:34:37,152;12213
14:34:39,152;12219
14:34:40,152;12219
14:34:42,152;12214
14:34:44,152;12216
14:34:45,152;12216
14:34:47,152;12221
14:34:49,152;12226
14:34:50,152;12222
14:34:52,152;12224
14:34:54,152;12225
14:34:55,152;12219
14:34:57,152;12222
14:34:59,152;12229
14:35:00,152;12221
14:35:02,152;12241
14:35:03,152;12252
14:35:05,152;12229
14:35:07,152;12222
14:35:09,152;12230
14:35:10,152;12229
14:35:12,151;12249
14:35:14,152;12238
14:35:16,152;12246
14:35:17,152;12247
14:35:19,152;12231
14:35:21,152;12230
14:35:22,152;12232
14:35:24,152;12243
14:35:25,152;12226
14:35:27,152;12237
14:35:29,152;12218
14:35:30,152;12223
14:35:32,152;12228
14:35:34,152;12234
14:35:35,152;12228
14:35:39,152;12234
14:35:40,152;12228
14:35:42,152;12234
14:35:44,152;12234
14:35:45,151;12239
14:35:47,151;12234
14:35:48,152;12230
14:35:50,152;12228
14:35:52,152;12220
14:35:53,152;12212
14:35:55,152;12255
14:35:57,152;12232
14:35:58,152;12225
14:36:00,152;12235
14:36:01,152;12223
14:36:03,152;12237
14:36:06,152;12235
14:36:08,152;12233
14:36:09,152;12227
14:36:11,152;12236
14:36:13,152;12240
14:36:14,152;12247
14:36:16,152;12216
14:36:17,152;12209
14:36:19,152;12224
14:36:21,152;12230
14:36:23,152;12215
14:36:24,152;12222
14:36:26,152;12220
14:36:28,152;12227
14:36:29,152;12237
14:36:31,152;12236
14:36:33,152;12226
14:36:34,152;12239
14:36:36,152;12225
14:36:38,30;3823
14:36:39,33;2307
14:36:41,12;3592
14:36:43,32;4359
14:36:44,34;6084
14:36:46,19;4391
14:36:47,152;12297
14:36:49,10;3934
14:36:51,25;7642
14:36:53,152;12388
14:36:55,152;12332
14:36:56,23;6043
14:36:58,21;6801
14:36:59,21;4644
14:37:01,22;4122
14:37:02,22;7389
14:37:04,23;3277
14:37:06,28;2783
14:37:08,31;2655
14:37:09,26;3719
14:37:11,152;12381
14:37:13,152;12361
14:37:15,34;4764
14:37:16,42;8994
14:37:18,26;4648
14:37:20,18;4656
14:37:21,15;5489
14:37:23,151;12393
14:37:24,152;12357
14:37:26,11;5712
14:37:28,14;4679
14:37:29,9;4717
14:37:31,152;12408
14:37:33,152;12367
14:37:34,152;12356
14:37:36,152;12362
14:37:38,152;12342
14:37:39,152;12349
14:37:41,152;12344
14:37:43,152;12340
14:37:45,152;12335
14:37:46,152;12337
14:37:48,152;12326
14:37:50,152;12327
14:37:51,152;12321
14:37:53,152;12316
14:37:55,152;12309
14:37:56,152;12313
14:37:58,152;12304
14:38:00,57;2039
14:38:01,41;2379
14:38:03,152;12332
14:38:04,152;12333
14:38:06,152;12313
14:38:08,152;12309
14:38:10,152;12301
14:38:12,152;12299
14:38:14,152;12289
14:38:15,152;12293
14:38:19,152;12307
14:52:25,44;8856
14:52:28,43;10465
14:52:30,152;12259
14:52:31,152;12238
15:20:49,154;11838
15:20:51,154;11842
15:20:52,154;11846
15:20:53,154;11837
15:20:54,154;11835
15:20:55,154;11828
15:20:56,154;11846
15:20:57,154;11789
15:20:58,154;11789
15:21:00,154;11789
15:21:01,154;11782
15:21:02,154;11787
15:21:03,154;11783
15:21:04,154;11778
15:21:05,154;11818
15:21:06,151;11228
15:21:07,64;5144
15:21:08,120;5590
15:21:09,154;11816
15:21:10,154;11821
15:21:11,154;11833
15:21:12,154;11832
15:21:13,154;11750
15:21:14,154;11824
15:21:15,154;11826
15:21:16,154;11829
15:21:18,154;11820
15:21:19,154;11820
15:21:21,154;11826
15:21:22,154;11825
15:21:23,154;11827
15:21:24,154;11815
15:21:27,154;11823
15:21:28,154;11828
15:21:30,154;11816
15:21:31,154;11823
15:21:32,154;11822
15:21:33,154;11824
15:21:34,154;11809
15:21:35,154;11811
15:21:36,154;11813
15:21:37,154;11811
15:21:38,147;11530
15:21:39,3;1399
15:21:40,20;2891
15:21:41,47;3490
15:21:42,47;3632
15:21:43,87;4742
15:21:44,84;7158
15:21:45,59;13133
15:21:46,46;4853
15:21:47,47;3333
15:21:48,46;4508
15:21:49,46;5129
15:21:50,47;4826
15:21:51,47;4989
15:21:52,47;4889
15:21:53,47;5279
15:21:54,47;5460
15:21:55,47;5597
15:21:57,46;5854
15:21:58,46;6058
15:21:59,45;7662
15:22:00,45;8353
15:22:01,59;10265
15:22:02,43;4965
15:22:04,38;9484
15:22:05,34;2952
15:22:06,34;2719
15:22:07,34;2901
15:22:08,45;3841
15:22:09,50;3072
15:22:10,35;6383
15:22:11,32;7710
15:22:12,38;3450
15:22:13,37;4068
15:22:14,37;4285
15:22:15,36;4880
15:22:17,37;4512
15:22:18,38;3616
15:22:19,37;3993
15:22:20,38;3816
15:22:21,38;3694
15:22:22,37;3822
15:22:23,38;3791
15:22:24,37;4081
15:22:25,37;4073
15:22:26,38;3631
15:22:27,38;3689
15:22:28,36;5323
15:22:29,36;4826
15:22:30,36;4924
15:22:31,36;5043
15:22:32,36;5227
15:22:33,37;4841
15:22:34,38;4149
15:22:35,38;3727
15:22:36,40;3099
15:22:37,37;4207
15:22:38,38;3695
15:22:39,39;3554
15:22:40,40;3160
15:22:41,40;3227
15:22:42,36;5604
15:22:46,35;5812
15:22:47,66;10380
15:22:50,60;2788
15:22:52,64;10157
15:22:54,71;6900
15:22:55,112;12726
15:22:56,107;14393
15:22:57,84;3792
15:22:58,141;10355
15:22:59,152;9701
15:23:00,104;10511
15:23:01,79;5329
15:23:02,80;5184
15:23:03,163;9491
15:23:04,79;4715
15:23:05,77;5067
15:23:06,77;4971
15:23:09,49;3340
15:23:10,47;3590
15:23:11,47;3607
15:23:13,47;3823
15:23:14,46;3767
15:23:15,47;3634
15:23:16,46;3967
15:23:17,46;3891
15:23:18,47;3821
15:23:19,45;4221
15:23:20,45;3927
15:23:21,47;3588
15:23:22,47;3522
15:23:23,48;3424
15:23:24,52;2814
15:23:25,84;7012
15:23:26,87;5683
15:23:27,91;6122
15:23:28,87;15475
15:23:29,83;12678
15:23:30,124;9292
15:23:31,164;9401
15:23:32,164;9448
15:23:33,164;9448
15:23:34,164;9429
15:23:35,164;9442
15:23:36,164;9442
15:23:37,58;6384
15:23:38,164;9420
15:23:39,165;9438
15:23:40,164;9433
15:23:41,164;9419
15:23:42,164;9423
15:23:43,164;9420
15:23:44,164;9414
15:23:45,164;9411
15:23:46,164;9407
15:23:47,164;9405
15:23:48,164;9408
15:23:49,164;9408
15:23:50,164;9406
15:23:51,164;9409
15:23:52,164;9413
15:23:53,164;9412
15:23:54,164;9414
15:23:55,164;9412
15:23:57,164;9403
15:23:59,164;9405
15:24:00,164;9410
15:24:01,164;9404
15:24:02,164;9397
15:24:03,164;9396
15:24:04,164;9380
15:24:05,164;9376
15:24:06,164;9383
15:24:07,164;9385
15:24:08,164;9391
15:24:09,164;9381
15:24:11,164;9383
15:24:12,164;9380
15:24:14,164;9380
15:24:15,164;9373
15:24:16,164;9375
15:24:17,164;9370
15:24:19,164;9376
15:24:20,164;9373
15:24:21,164;9370
15:24:22,165;9377
15:24:23,164;9388
15:24:24,164;9380
15:24:25,164;9381
15:24:26,164;9389
15:24:27,73;8366
15:24:28,69;7925
15:24:30,70;10579
15:24:31,70;6683
15:24:33,69;6330
15:24:34,70;5574
15:24:37,80;5765
15:24:39,165;9407
15:24:42,49;3573
15:24:43,49;3469
15:24:44,47;3516
15:24:46,49;3434
15:24:47,164;9437
15:24:49,164;9417
15:24:51,164;9416
15:24:56,62;12445
15:24:58,61;12283
15:24:59,61;12197
15:25:00,61;12970
15:25:02,38;2958
15:25:03,98;5456
15:25:05,44;10555
15:25:06,36;3170
15:25:08,36;3330
15:25:11,43;10720
15:25:13,163;9531
15:25:15,164;9438
15:25:16,164;9442
15:25:18,164;9436
15:25:19,38;12798
15:25:20,132;11447
15:25:22,44;10729
15:25:25,162;9582
15:25:27,153;10250
15:25:30,164;9443
15:25:31,164;9419
15:25:32,164;9406
15:25:34,164;9409
15:25:35,164;9405
15:25:40,164;9391
15:25:42,160;9709
15:25:44,128;12119
15:25:47,47;7230
15:25:49,32;3236
15:25:50,33;3096
15:25:52,165;9399
15:25:53,165;9395
15:25:54,165;9379
15:25:55,165;9396
15:25:56,165;9370
15:25:57,165;9373
15:25:58,164;9366
15:25:59,164;9378
15:26:00,164;9360
15:26:01,164;9356
15:26:02,165;9363
15:26:03,164;9375
15:26:04,165;9383
15:26:05,164;9376
15:26:06,164;9377
15:26:07,165;9371
15:26:08,164;9371
15:26:09,164;9372
15:26:10,164;9383
15:26:11,165;9384
15:26:12,165;9379
15:26:13,165;9376
15:26:14,164;9360
15:26:15,165;9365
15:26:16,165;9364
15:26:17,165;9363
15:26:18,165;9369
15:26:19,165;9359
15:26:20,165;9376
15:26:21,78;8268
15:26:22,23;3735
15:26:24,26;1164
15:26:25,24;2742
15:26:26,25;4591
15:26:28,25;2043
15:26:29,25;4737
15:26:32,25;4537
15:26:34,64;7444
15:26:37,164;9447
15:26:38,162;8459
15:26:39,128;5415
15:26:41,25;4427
15:26:43,134;8033
15:26:44,164;9410
15:26:45,160;9496
15:26:47,164;9407
15:26:48,165;9399
15:26:49,165;9390
15:26:50,165;9389
15:26:51,164;9378
15:26:52,165;9359
15:26:53,165;9360
15:26:54,164;9393
15:26:56,164;9340
15:26:57,164;9347
15:26:58,164;9352
15:26:59,164;9360
15:27:00,164;9396
15:27:01,164;9394
15:27:02,164;9379
15:27:03,164;9393
15:27:04,164;9380
15:27:05,164;9369
15:27:06,78;6403
15:27:07,164;9392
15:27:08,164;9398
15:27:09,108;7628
15:27:10,71;8165
15:27:12,67;9437
15:27:13,66;10139
15:27:14,163;9480
15:27:15,164;8880
15:27:16,120;8184
15:27:18,119;8228
15:27:20,73;10533
15:27:22,60;12210
15:27:23,164;9388
15:27:24,164;9379
15:27:25,165;9375
15:27:26,164;9362
15:27:27,165;9346
15:27:28,164;9348
15:27:29,164;9348
15:27:30,164;9341
15:27:31,164;9353
15:27:32,114;2870
15:27:33,105;2881
15:27:34,138;4185
15:27:35,154;5138
15:27:36,152;4737
15:27:37,109;2781
15:27:38,161;7067
15:27:39,156;5349
15:27:40,149;4346
15:27:42,155;5117
15:27:42,147;4208
15:27:43,150;4523
15:27:44,143;4049
15:27:46,162;7810
15:27:47,156;5508
15:27:48,159;6441
15:27:49,150;4450
15:27:50,152;4600
15:27:51,147;4034
15:27:52,149;4014
15:27:53,157;5477
15:27:54,153;4674
15:27:55,154;4868
15:27:56,154;4767
15:27:57,158;5818
15:27:59,158;5887
15:28:00,151;4330
15:28:01,144;3614
15:28:02,37;8390
15:28:03,162;8455
15:28:04,85;5491
15:28:05,90;6451
15:28:06,97;2748
15:28:08,95;3632
15:28:09,99;3604
15:28:11,100;3432
15:28:16,98;3864
15:28:17,13;7013
15:28:18,16;8564
15:28:20,16;9829
15:28:21,16;9766
15:28:23,17;9719
15:28:24,19;9447
15:28:27,19;9408
15:28:29,20;8977
15:28:32,20;9146
15:28:33,20;9282
15:28:34,21;3499
15:28:35,20;7804
15:28:37,20;8358
15:28:38,19;6323
15:28:41,19;7494
15:28:42,45;12474
15:28:44,164;9485
15:28:46,80;8037
15:28:49,69;10988
15:28:50,23;1857
15:28:51,23;1865
15:28:53,23;2144
15:28:54,23;2020
15:28:56,23;2006
15:28:58,23;2028
15:29:01,23;1967
15:29:03,22;1987
15:29:04,22;2122
15:29:06,22;2012
15:29:07,23;1996
15:29:09,23;1840
15:29:10,17;2429
15:29:13,18;2493
15:29:15,20;2146
15:29:18,21;2247
15:29:19,25;1566
15:29:20,23;1805
15:29:21,26;1535
15:29:23,25;1549
15:29:24,26;1579
15:29:27,26;1552
15:29:29,52;2910
15:29:32,148;12417
15:29:33,148;12404
15:29:34,148;12400
15:29:36,148;12398
15:29:37,148;12400
15:29:39,148;12410
15:29:40,148;12416
15:29:43,148;12397
15:29:45,148;12431
15:29:47,148;12430
15:29:49,148;12411
15:29:50,148;12403
15:29:51,148;12421
15:29:52,148;12410
15:29:54,148;12409
15:29:55,148;12421
15:29:58,148;12406
15:30:01,148;12418
15:30:03,148;12415
15:30:05,148;12412
15:30:06,148;12344
15:30:07,69;4059
15:30:09,76;8778
15:30:10,79;7785
15:30:15,148;12337
15:30:18,148;12326
15:30:19,148;12322
15:30:20,148;12329
15:30:21,148;12321
15:30:22,148;12314
15:30:23,148;12318
15:30:24,148;12301
15:30:25,148;12321
15:30:26,148;12321
15:30:27,148;12318
15:30:28,148;12322
15:30:29,148;12325
15:30:30,148;12330
15:30:31,148;12332
15:30:33,148;12332
15:30:34,148;12333
15:30:35,148;12347
15:30:37,148;12303
15:30:38,148;12296
15:30:41,148;12301
15:30:42,148;12303
15:30:44,148;12311
15:30:45,148;12289
15:30:46,148;12317
15:30:48,148;12313
15:30:49,148;12309
15:30:50,148;12309
15:30:51,148;12277
15:30:52,148;12304
15:30:54,148;12299
15:30:55,148;12297
15:30:56,148;12298
15:30:57,148;12328
15:30:58,148;12290
15:30:59,148;12264
15:31:00,148;12300
15:31:01,148;12288
15:31:02,148;12288
15:31:03,148;12265
15:31:04,148;12265
15:31:05,148;12265
15:31:06,148;12281
15:31:07,148;12267
15:31:08,148;12283
15:31:09,148;12289
15:31:10,148;12280
15:31:11,148;12255
15:31:12,148;12269
15:31:13,148;12265
15:31:14,148;12259
15:31:15,148;12261
15:31:16,148;12268
15:31:17,148;12297
15:31:18,148;12296
15:31:19,148;12294
15:31:20,148;12255
15:31:21,148;12286
15:31:22,148;12292
15:31:23,148;12260
15:31:24,148;12265
15:31:25,148;12262
15:31:26,148;12266
15:31:27,148;12256
15:31:28,148;12261
15:31:29,148;12234
15:31:31,148;12281
15:31:33,148;12293
15:31:34,148;12270
15:31:35,148;12271
15:31:36,148;12269
15:31:37,148;12267
15:31:38,148;12255
15:31:39,148;12267
15:31:40,148;12266
15:31:41,148;12265
15:31:42,148;12269
15:31:43,148;12262
15:31:44,148;12297
15:31:45,148;12278
15:31:46,148;12268
15:31:47,148;12287
15:31:48,148;12310
15:31:49,148;12290
15:31:50,148;12319
15:31:51,148;12313
15:31:52,148;12311
15:31:53,148;12313
15:31:54,148;12310
15:31:55,148;12293
15:31:56,148;12289
15:31:57,148;12269
15:31:58,148;12262
15:31:59,148;12256
15:32:00,148;12238
15:32:01,148;12258
15:32:02,148;12262
15:32:03,148;12262
15:32:04,148;12249
15:32:05,148;12254
15:32:06,148;12249
15:32:07,148;12269
15:32:08,148;12244
15:32:09,148;12249
15:32:10,148;12249
15:32:11,148;12247
15:32:12,148;12245
15:32:13,148;12249
15:32:14,148;12247
15:32:15,148;12250
15:32:16,148;12248
15:32:18,148;12247
15:32:18,148;12248
15:32:19,148;12253
15:32:21,148;12250
15:32:23,148;12266
15:32:24,148;12264
15:32:25,148;12275
15:32:26,148;12263
15:32:28,148;12256
15:32:29,148;12248
15:32:30,148;12249
15:32:31,148;12261
15:32:32,148;12267
15:32:33,148;12251
15:32:34,148;12245
15:32:35,148;12245
15:32:36,148;12244
15:32:37,148;12242
15:32:38,148;12240
15:32:39,148;12262
15:32:40,148;12268
15:32:41,148;12267
15:32:42,148;12262
15:32:43,148;12269
15:32:44,148;12274
15:32:45,148;12276
15:32:46,148;12277
15:32:47,148;12283
15:32:48,148;12282
15:32:49,148;12276
15:32:50,148;12274
15:32:52,148;12259
15:32:53,148;12266
15:32:54,148;12265
15:32:55,148;12271
15:32:56,148;12269
15:32:57,148;12272
15:32:58,148;12273
15:32:59,78;8657
15:33:00,64;7400
15:33:01,64;7068
15:33:02,65;5966
15:33:03,70;2194
15:33:04,61;4394
15:33:05,64;3078
15:33:06,67;10429
15:33:07,83;5167
15:33:08,73;2510
15:33:09,74;3938
15:33:10,85;7182
15:33:12,43;13821
15:33:14,76;8048
15:33:15,71;6065
15:33:16,95;17242
15:33:17,96;7672
15:33:18,90;6064
15:33:19,88;6425
15:33:20,87;6550
15:33:21,87;6125
15:33:23,92;6166
15:33:24,89;6440
15:33:25,86;7008
15:33:26,86;6985
15:33:27,87;6758
15:33:28,87;6750
15:33:29,85;7498
15:33:30,82;8120
15:33:31,87;7408
15:33:32,85;3739
15:33:33,90;3133
15:33:35,78;6924
15:33:36,78;7351
15:33:37,76;7913
15:33:38,33;6115
15:33:39,32;6552
15:33:40,11;1770
15:33:41,5;855
15:33:42,3;720
15:33:43,3;688
15:33:44,3;720
15:33:45,17;2272
15:33:46,50;2482
15:33:47,148;12420
15:33:48,148;12443
15:33:49,148;12356
15:33:50,148;12351
15:33:52,147;12583
15:33:53,4;2238
15:33:54,148;12356
15:33:55,148;12351
15:33:56,148;12363
15:33:58,148;12353
15:33:59,148;12368
15:34:00,148;12347
15:34:01,148;12366
15:34:02,148;12352
15:34:03,148;12265
15:34:05,148;12272
15:34:06,148;12284
15:34:07,148;12267
15:34:08,148;12276
15:34:09,148;12280
15:34:10,148;12418
15:34:11,148;12438
15:34:43,55;4198
15:34:45,103;9685
15:34:46,156;10753
15:34:47,156;10755
15:34:48,57;6095
15:34:49,156;10784
15:34:50,156;10750
15:34:51,156;10752
15:34:52,156;10742
15:34:54,156;10748
15:34:55,156;10740
15:34:56,156;10737
15:34:57,156;10742
15:34:58,154;10880
15:34:59,155;10786
15:35:01,148;11392
15:35:03,99;5878
15:35:05,98;5120
15:35:06,97;4962
15:35:07,97;5087
15:35:08,98;4949
15:35:10,72;5466
15:35:11,98;4817
15:35:12,78;2914
15:35:14,156;10755
15:35:15,156;10738
15:35:17,156;10740
15:35:19,156;10736
15:35:22,156;10731
15:35:24,71;10059
15:35:26,25;6379
15:35:27,25;6313
15:35:28,25;6381
15:35:30,26;6620
15:35:32,26;6744
15:35:33,26;6672
15:35:36,26;7105
15:35:38,26;5941
15:35:41,26;3743
15:35:42,156;10857
15:35:43,156;10819
15:35:45,156;10800
15:35:46,156;10806
15:35:47,156;10803
15:35:48,156;10793
15:35:50,156;10788
15:35:51,156;10786
15:35:54,156;10794
15:35:57,153;10663
15:35:59,140;10644
15:36:01,155;10830
15:36:03,139;12009
15:36:05,156;10762
15:36:06,156;10748
15:36:08,156;10751
15:36:09,156;10762
15:36:10,156;10751
15:36:11,156;10757
15:36:13,26;2267
15:36:14,46;2602
15:36:16,156;10803
15:36:18,156;10721
15:36:21,156;10764
15:36:23,156;10754
15:36:25,156;10752
15:36:27,156;10750
15:36:29,156;10746
15:36:30,156;10745
15:36:32,156;10743
15:36:35,156;10739
15:36:37,20;8355
15:36:40,156;10809
15:36:40,14;6184
15:36:42,145;8656
15:36:43,154;10853
15:36:45,17;5619
15:36:47,148;11329
15:36:49,35;2929
15:36:52,24;6699
15:36:54,146;11436
15:36:56,28;4753
15:36:57,28;4411
15:36:58,29;5930
15:37:00,29;5945
15:37:01,31;3566
15:37:02,36;2086
15:37:03,36;12517
15:37:04,48;10241
15:37:06,42;2711
15:37:09,28;2650
15:37:11,31;3893
15:37:14,45;10828
15:37:15,155;10890
15:37:16,156;10836
15:37:18,156;10825
15:37:19,156;10809
15:37:20,156;10794
15:37:21,156;10794
15:37:22,156;10787
15:37:24,156;10789
15:37:26,156;10787
15:37:29,156;10787
15:37:31,156;10785
15:37:33,156;10779
15:37:34,156;10774
15:37:36,156;10764
15:37:37,156;10767
15:37:39,156;10760
15:37:40,156;10752
15:37:43,156;10749
15:37:45,156;10739
15:37:48,156;10760
15:37:49,156;10846
15:37:51,156;10773
15:37:52,156;10757
15:37:54,156;10757
15:37:55,156;10757
15:37:56,156;10758
15:37:57,156;10748
15:37:58,156;10753
15:38:01,156;10754
15:38:06,156;10784
15:38:09,156;10736
15:38:10,151;10255
15:38:11,156;10850
15:38:13,156;10845
15:38:14,156;10872
15:38:15,155;10924
15:38:16,156;10718
15:38:17,10;6734
15:38:19,154;10696
15:38:22,155;11013
15:38:24,155;11019
15:38:26,155;11013
15:38:27,155;11024
15:38:29,155;11017
15:38:30,155;11017
15:38:31,155;11011
15:41:14,19;5408
15:41:16,19;5315
15:41:17,30;7209
15:41:18,155;11116
15:41:19,155;11074
15:41:20,155;11060
15:41:22,155;11049
15:41:23,155;11075
15:41:24,155;11072
15:41:25,155;11071
15:41:26,155;11063
15:41:27,155;11049
15:41:28,155;11038
15:41:29,48;14162
15:41:30,135;7015
15:41:31,109;4242
15:41:32,105;4727
15:41:33,115;8093
15:41:34,82;2770
15:41:35,118;3775
15:41:36,118;3688
15:41:37,118;3704
15:41:38,117;3554
15:41:39,117;3641
15:41:40,114;4147
15:41:41,93;12204
15:41:42,113;3806
15:41:43,114;3871
15:41:44,106;4676
15:41:45,157;10615
15:41:46,157;10591
15:41:47,14;162
15:41:48,19;1411
15:41:49,41;17360
15:41:50,51;5489
15:41:51,218;4973
15:41:52,218;4976
15:41:53,218;4979
15:41:54,218;4973
15:41:55,218;4969
15:41:56,218;4968
15:41:57,218;4968
15:41:58,218;4966
15:41:59,218;4963
15:42:00,218;4961
15:42:01,218;4959
15:42:02,218;4958
15:42:04,218;4957
15:42:05,218;4951
15:42:07,218;4955
15:42:07,218;4946
15:42:08,218;4947
15:42:09,218;4973
15:42:11,36;13207
15:42:13,5;2228
15:42:15,307;2521
15:42:17,238;1130
15:42:18,294;1315
15:42:20,294;1309
15:42:22,285;1122
15:42:23,294;1434
15:42:24,295;1202
15:42:25,204;5359
15:42:27,224;5424
15:42:29,241;4286
15:42:31,241;4268
15:42:34,226;6674
15:42:36,208;8572
15:42:38,187;10847
15:42:40,170;13267
15:42:42,161;15218
15:42:43,164;14224
15:42:45,166;13473
15:42:48,89;7679
15:42:51,92;6612
15:42:54,265;881
15:42:56,125;3622
15:42:58,111;5203
15:42:59,111;5135
15:43:01,124;3886
15:43:02,129;4426
15:43:04,132;4146
15:43:05,180;5646
15:43:06,139;7127
15:43:07,108;4053
15:43:09,88;6961
15:43:10,74;10499
15:43:13,69;12156
15:43:14,70;10510
15:43:17,81;7087
15:43:21,156;15856
15:43:22,152;17107
15:43:24,152;17025
15:43:25,152;17039
15:43:28,181;4726
15:43:29,250;1687
15:43:30,111;1701
15:43:31,156;3037
15:43:32,721;664
15:43:35,654;172
15:43:38,176;5345
15:43:41,65535;80
15:43:42,65535;48
15:43:44,305;803
15:43:45,329;1455
15:43:47,329;1447
15:43:48,328;1445
15:43:49,329;1447
15:43:50,207;3431
15:43:51,202;3885
15:43:53,265;337
15:43:56,211;1496
15:43:59,155;15637
15:44:01,155;15636
15:44:03,155;15632
15:44:04,155;15633
15:44:06,155;15635
15:44:08,155;15641
15:44:09,149;6226
15:44:12,129;772
15:44:14,270;193
15:44:17,393;686
15:44:19,210;1522
15:44:21,557;1061
15:44:22,419;1287
15:44:24,244;4086
15:44:25,231;4487
15:44:26,221;5503
15:44:27,211;6217
15:44:29,211;4277
15:44:30,137;5475
15:44:35,194;7746
15:44:38,183;5597
15:44:39,321;2053
15:44:40,351;2121
15:44:41,338;2358
15:44:42,281;2396
15:44:43,163;6445
15:44:45,136;11062
15:44:46,121;15623
15:44:47,127;2640
15:44:48,125;2581
15:44:49,121;11690
15:44:50,107;3588
15:44:51,92;5324
15:44:52,111;2172
15:44:53,95;3387
15:44:54,87;4019
15:44:55,80;4780
15:44:56,76;5407
15:44:57,74;5593
15:44:58,74;5571
15:45:00,90;3749
15:45:01,115;12473
15:45:02,124;10631
15:45:03,192;3815
15:45:04,400;2049
15:45:05,185;4327
15:45:06,451;1051
15:45:07,510;959
15:45:08,231;5488
15:45:09,221;6968
15:45:10,264;493
15:45:11,549;537
15:45:12,67;606
15:45:13,52;986
15:45:14,65535;95
15:45:15,310;3741
15:45:16,288;4706
15:45:17,282;4463
15:45:18,305;3873
15:45:19,290;4450
15:45:20,280;4772
15:45:21,271;5107
15:45:22,260;5482
15:45:23,252;5822
15:45:24,243;6247
15:45:26,225;7162
15:45:27,216;7731
15:45:28,207;8408
15:45:29,197;9111
15:45:30,187;10141
15:45:31,176;11063
15:45:32,166;12220
15:45:33,156;13567
15:45:36,165;5409
15:45:37,171;7912
15:45:38,171;7921
15:45:39,171;7935
15:45:40,171;7950
15:45:41,171;7959
15:45:42,171;7969
15:45:43,186;8198
15:45:44,246;3588
15:45:45,185;1861
15:45:46,65535;17
15:45:47,319;777
15:45:48,472;1035
15:45:49,398;310
15:45:50,137;1682
15:45:51,258;4050
15:45:52,561;775
15:45:53,509;474
15:45:54,507;473
15:45:55,506;472
15:45:56,576;335
15:45:57,546;604
15:45:58,527;374
15:45:59,516;266
15:46:00,494;197
15:46:02,495;195
15:46:03,495;192
15:46:05,493;196
15:46:06,495;193
15:46:07,494;195
15:46:09,493;192
15:46:10,493;193
15:46:12,494;192
15:46:14,495;194
15:46:15,493;192
15:46:17,495;190
15:46:18,493;193
15:46:20,494;191
15:46:21,493;193
15:46:23,493;193
15:46:25,493;192
15:46:26,494;190
